member_id,birthdate,age,gender,race,ethnicity,marital_status,city,state,zip,county,fips,county_fips,lat,lon,education_less_than_9th_pct,education_9th_to_12th_no_diploma_pct,digital_with_computer_pct,digital_with_broadband_pct,unemployment_pct,public_assistance_pct,uninsured_pct,mean_commute_minutes,housing_vacancy_pct,housing_no_vehicle_pct,housing_renter_pct,housing_crowded_1_01_to_1_50_pct,housing_crowded_1_51_plus_pct,housing_rent_30_to_34_9_pct,housing_rent_35_plus_pct,population_total,median_age_years,education_high_school_pct,education_college_pct,education_bachelors_or_higher_pct,poverty_pct,median_household_income,county_name,state_abbr,state_name,places_year,prevalence_type,places_asthma_pct,places_cholesterol_screening_pct,places_copd_pct,places_diabetes_pct,places_heart_disease_pct,places_obesity_pct,places_physical_inactivity_pct,places_poor_mental_health_pct,places_poor_physical_health_pct,places_routine_checkup_pct,places_smoking_pct,places_stroke_pct,places_uninsured_pct,state_fips,tract_count,population_2020_sum,households_without_vehicle_count_sum,snap_households_count_sum,driving_low_access_population_beyond_1mi_10mi_count_sum,driving_no_vehicle_households_beyond_1mi_count_sum,driving_snap_households_beyond_1mi_count_sum,straight_low_access_population_beyond_1mi_10mi_count_sum,straight_no_vehicle_households_beyond_1mi_count_sum,straight_snap_households_beyond_1mi_count_sum,urban_tract_count,low_income_tract_tract_count,driving_low_income_low_access_tract_count,driving_low_vehicle_access_tract_count,straight_low_income_low_access_tract_count,straight_low_vehicle_access_tract_count
a1733070-046a-4506-bba6-47f32652e9d7,1979-02-20,45.0,M,white,nonhispanic,M,Boston,Massachusetts,2124,Suffolk County,25025.0,25025,42.354248842342805,-71.06877841138558,7.6,4.9,95.4,91.6,4.4,4.2,3.1,30.9,8.4,31.6,63.5,2.2,1.9,9.9,42.1,785121.0,33.9,20.2,11.6,50.6,16.2,95631.0,Suffolk,MA,Massachusetts,2023.0,Crude prevalence,11.4,87.0,5.1,9.3,4.8,24.2,23.8,17.3,11.4,78.5,11.1,2.8,6.6,25.0,234.0,797936.0,103374.0,64342.0,6439.0,451.0,421.0,233.0,22.0,13.0,233.0,125.0,2.0,17.0,0.0,3.0
f9ba83f7-9940-16ae-0854-24bd34bf1843,1971-11-23,53.0,F,white,nonhispanic,D,Barnstable,Massachusetts,2673,Barnstable County,25001.0,25001,41.70601597716205,-70.31195643376097,1.6,2.1,96.5,94.3,2.9,2.8,2.7,24.8,36.4,5.4,18.9,0.9,0.3,11.0,48.8,231668.0,55.4,20.9,17.9,48.2,7.7,95241.0,Barnstable,MA,Massachusetts,2023.0,Crude prevalence,11.5,92.9,7.3,10.7,8.0,26.3,19.0,13.8,13.4,85.3,10.5,3.8,3.6,25.0,56.0,228996.0,5673.0,9959.0,117457.0,2404.0,4717.0,73818.0,1503.0,2754.0,54.0,17.0,12.0,14.0,8.0,8.0
fc2d1fb9-862d-a60c-581a-519f5470d866,1975-09-16,49.0,F,white,nonhispanic,M,Wakefield,Massachusetts,1880,Middlesex County,25017.0,25017,42.48398517265568,-71.03446075559198,3.5,3.2,97.0,94.7,3.0,2.9,2.4,29.9,4.5,10.3,38.7,1.5,0.8,9.5,37.6,1638365.0,38.9,17.2,10.9,59.5,7.7,130847.0,Middlesex,MA,Massachusetts,2023.0,Crude prevalence,11.1,90.6,4.6,8.5,4.9,23.8,18.3,14.8,10.0,79.9,9.1,2.5,4.0,25.0,357.0,1632002.0,65150.0,59014.0,326094.0,5412.0,8200.0,167345.0,2596.0,4123.0,336.0,72.0,5.0,43.0,3.0,23.0
5a1b2463-6dbf-ff69-4ab9-fbc24841b9fd,2005-10-30,19.0,F,asian,hispanic,,Revere,Massachusetts,2151,Suffolk County,25025.0,25025,42.372662380253146,-70.9543376263957,7.6,4.9,95.4,91.6,4.4,4.2,3.1,30.9,8.4,31.6,63.5,2.2,1.9,9.9,42.1,785121.0,33.9,20.2,11.6,50.6,16.2,95631.0,Suffolk,MA,Massachusetts,2023.0,Crude prevalence,11.4,87.0,5.1,9.3,4.8,24.2,23.8,17.3,11.4,78.5,11.1,2.8,6.6,25.0,234.0,797936.0,103374.0,64342.0,6439.0,451.0,421.0,233.0,22.0,13.0,233.0,125.0,2.0,17.0,0.0,3.0
50834d5b-3074-9f8b-833e-e32a1004126d,1980-07-12,44.0,M,white,nonhispanic,M,Quincy,Massachusetts,2169,Norfolk County,25021.0,25021,42.31731083626712,-71.05410990962399,3.0,2.5,96.8,94.8,3.4,2.5,1.9,32.5,4.0,9.2,31.3,1.3,0.7,10.4,41.1,730082.0,40.9,16.9,12.0,58.8,6.7,130739.0,Norfolk,MA,Massachusetts,2023.0,Crude prevalence,10.7,91.2,4.9,9.0,5.2,23.5,17.1,14.6,10.8,81.5,9.2,2.7,3.8,25.0,154.0,725981.0,25945.0,26578.0,197944.0,3196.0,4685.0,95275.0,1316.0,1776.0,150.0,21.0,4.0,24.0,2.0,9.0
d79ef414-f638-4bb9-305f-de6093018e34,2005-10-30,19.0,F,asian,hispanic,,Revere,Massachusetts,2151,Suffolk County,25025.0,25025,42.41411290246571,-71.00355880539564,7.6,4.9,95.4,91.6,4.4,4.2,3.1,30.9,8.4,31.6,63.5,2.2,1.9,9.9,42.1,785121.0,33.9,20.2,11.6,50.6,16.2,95631.0,Suffolk,MA,Massachusetts,2023.0,Crude prevalence,11.4,87.0,5.1,9.3,4.8,24.2,23.8,17.3,11.4,78.5,11.1,2.8,6.6,25.0,234.0,797936.0,103374.0,64342.0,6439.0,451.0,421.0,233.0,22.0,13.0,233.0,125.0,2.0,17.0,0.0,3.0
531968a3-50fe-09ba-d7cc-ca438ebf9d69,1974-10-18,50.0,M,white,nonhispanic,M,Rockland,Massachusetts,0,Plymouth County,,,42.12200878953358,-70.89736701874858,,,,,,,,,,,,,,,,,,,,,,,,,,,,,,,,,,,,,,,,,,,,,,,,,,,,,,,,,
44200e4c-f1b5-deee-17f0-226f21ff1c89,2003-04-15,21.0,M,asian,nonhispanic,,Boston,Massachusetts,2467,Suffolk County,25017.0,25017,42.28104205755397,-71.11232264395007,3.5,3.2,97.0,94.7,3.0,2.9,2.4,29.9,4.5,10.3,38.7,1.5,0.8,9.5,37.6,1638365.0,38.9,17.2,10.9,59.5,7.7,130847.0,Middlesex,MA,Massachusetts,2023.0,Crude prevalence,11.1,90.6,4.6,8.5,4.9,23.8,18.3,14.8,10.0,79.9,9.1,2.5,4.0,25.0,357.0,1632002.0,65150.0,59014.0,326094.0,5412.0,8200.0,167345.0,2596.0,4123.0,336.0,72.0,5.0,43.0,3.0,23.0
d20a36fc-23ba-8462-bf39-864000fbf25f,1959-07-09,65.0,M,white,nonhispanic,M,Belmont,Massachusetts,2478,Middlesex County,25017.0,25017,42.403154178130606,-71.17430354647388,3.5,3.2,97.0,94.7,3.0,2.9,2.4,29.9,4.5,10.3,38.7,1.5,0.8,9.5,37.6,1638365.0,38.9,17.2,10.9,59.5,7.7,130847.0,Middlesex,MA,Massachusetts,2023.0,Crude prevalence,11.1,90.6,4.6,8.5,4.9,23.8,18.3,14.8,10.0,79.9,9.1,2.5,4.0,25.0,357.0,1632002.0,65150.0,59014.0,326094.0,5412.0,8200.0,167345.0,2596.0,4123.0,336.0,72.0,5.0,43.0,3.0,23.0
80c747ab-dc05-2bca-dafa-e2aa58619442,1969-11-18,55.0,M,white,nonhispanic,M,Concord,Massachusetts,0,Middlesex County,,,42.47662741020644,-71.39162799084917,,,,,,,,,,,,,,,,,,,,,,,,,,,,,,,,,,,,,,,,,,,,,,,,,,,,,,,,,
a00b5c95-fed5-f472-749b-6b3140ead250,2006-04-22,18.0,M,white,nonhispanic,,North Andover,Massachusetts,0,Essex County,,,42.65672766287904,-71.06356982114485,,,,,,,,,,,,,,,,,,,,,,,,,,,,,,,,,,,,,,,,,,,,,,,,,,,,,,,,,
8492edd4-143b-a863-63b3-30de357a6f94,2010-07-08,14.0,M,white,nonhispanic,,Boston,Massachusetts,2128,Suffolk County,25025.0,25025,42.34662669358342,-71.07823796400677,7.6,4.9,95.4,91.6,4.4,4.2,3.1,30.9,8.4,31.6,63.5,2.2,1.9,9.9,42.1,785121.0,33.9,20.2,11.6,50.6,16.2,95631.0,Suffolk,MA,Massachusetts,2023.0,Crude prevalence,11.4,87.0,5.1,9.3,4.8,24.2,23.8,17.3,11.4,78.5,11.1,2.8,6.6,25.0,234.0,797936.0,103374.0,64342.0,6439.0,451.0,421.0,233.0,22.0,13.0,233.0,125.0,2.0,17.0,0.0,3.0
a85e45e4-9090-0a5e-d395-0cc3adc7e2dd,1977-09-15,47.0,M,white,nonhispanic,M,Lexington,Massachusetts,2421,Middlesex County,25017.0,25017,42.47284093201636,-71.22928571497833,3.5,3.2,97.0,94.7,3.0,2.9,2.4,29.9,4.5,10.3,38.7,1.5,0.8,9.5,37.6,1638365.0,38.9,17.2,10.9,59.5,7.7,130847.0,Middlesex,MA,Massachusetts,2023.0,Crude prevalence,11.1,90.6,4.6,8.5,4.9,23.8,18.3,14.8,10.0,79.9,9.1,2.5,4.0,25.0,357.0,1632002.0,65150.0,59014.0,326094.0,5412.0,8200.0,167345.0,2596.0,4123.0,336.0,72.0,5.0,43.0,3.0,23.0
8dc1eb80-5a2e-3f58-a3ac-4eba98ab5f41,2025-02-03,,F,white,nonhispanic,,Cambridge,Massachusetts,2138,Middlesex County,25017.0,25017,42.34682120251019,-71.13599973149039,3.5,3.2,97.0,94.7,3.0,2.9,2.4,29.9,4.5,10.3,38.7,1.5,0.8,9.5,37.6,1638365.0,38.9,17.2,10.9,59.5,7.7,130847.0,Middlesex,MA,Massachusetts,2023.0,Crude prevalence,11.1,90.6,4.6,8.5,4.9,23.8,18.3,14.8,10.0,79.9,9.1,2.5,4.0,25.0,357.0,1632002.0,65150.0,59014.0,326094.0,5412.0,8200.0,167345.0,2596.0,4123.0,336.0,72.0,5.0,43.0,3.0,23.0
7ad140ab-bfae-c3ae-20a3-2244b1c4d0e2,1954-04-26,70.0,F,black,hispanic,S,Boston,Massachusetts,2136,Suffolk County,25025.0,25025,42.385695059758405,-71.05232089412257,7.6,4.9,95.4,91.6,4.4,4.2,3.1,30.9,8.4,31.6,63.5,2.2,1.9,9.9,42.1,785121.0,33.9,20.2,11.6,50.6,16.2,95631.0,Suffolk,MA,Massachusetts,2023.0,Crude prevalence,11.4,87.0,5.1,9.3,4.8,24.2,23.8,17.3,11.4,78.5,11.1,2.8,6.6,25.0,234.0,797936.0,103374.0,64342.0,6439.0,451.0,421.0,233.0,22.0,13.0,233.0,125.0,2.0,17.0,0.0,3.0
2cf6b168-ba3b-b2a3-9a95-7217a1de6911,1986-05-14,38.0,F,white,nonhispanic,M,Lynnfield,Massachusetts,1940,Essex County,25009.0,25009,42.52839097066913,-71.03478992231926,5.2,4.7,95.2,92.4,3.4,4.5,2.8,28.5,5.0,9.3,36.5,1.8,1.1,10.5,46.4,813054.0,41.2,24.1,14.8,43.0,9.4,101883.0,Essex,MA,Massachusetts,2023.0,Crude prevalence,11.5,89.7,6.3,10.3,6.2,30.0,24.1,15.3,13.0,81.1,11.4,3.1,6.2,25.0,173.0,809829.0,29171.0,51931.0,173529.0,3126.0,5336.0,94719.0,1761.0,3011.0,162.0,73.0,7.0,16.0,2.0,10.0
ba6ea998-e7a3-d122-0e14-eace53094044,1975-12-01,49.0,M,white,nonhispanic,M,Great Barrington,Massachusetts,1230,Berkshire County,25003.0,25003,42.20423798597081,-73.35543580884355,1.6,4.3,94.3,90.3,3.2,3.4,1.7,21.2,17.7,9.6,30.1,0.7,0.2,10.4,43.6,129430.0,47.3,28.8,17.5,40.0,11.4,76013.0,Berkshire,MA,Massachusetts,2023.0,Crude prevalence,12.0,90.3,7.7,10.9,7.8,31.2,22.2,16.9,13.9,81.7,12.7,3.7,4.8,25.0,40.0,129026.0,5551.0,9512.0,19994.0,1419.0,2584.0,9938.0,820.0,1589.0,19.0,23.0,8.0,11.0,2.0,4.0
a8286256-4ef3-c614-4371-085d7c8cfcb2,1979-01-23,45.0,F,white,nonhispanic,M,West Springfield,Massachusetts,1089,Hampden County,25013.0,25013,42.15281704623707,-72.64796863093912,5.4,7.4,92.1,89.0,3.6,5.1,3.0,22.7,6.6,12.0,37.8,1.1,0.7,9.7,44.3,462815.0,40.0,30.3,17.6,29.3,16.3,71306.0,Hampden,MA,Massachusetts,2023.0,Crude prevalence,12.7,87.8,7.7,12.1,7.0,34.9,29.8,18.9,16.0,80.4,14.8,3.7,8.1,25.0,104.0,465825.0,22134.0,47108.0,80803.0,2499.0,4562.0,39525.0,1193.0,2134.0,93.0,67.0,7.0,19.0,1.0,9.0
f691e124-1107-034e-0ebf-57a58745c7de,2021-02-12,3.0,F,white,nonhispanic,,Boston,Massachusetts,2116,Suffolk County,25025.0,25025,42.36711970671946,-71.01775682582567,7.6,4.9,95.4,91.6,4.4,4.2,3.1,30.9,8.4,31.6,63.5,2.2,1.9,9.9,42.1,785121.0,33.9,20.2,11.6,50.6,16.2,95631.0,Suffolk,MA,Massachusetts,2023.0,Crude prevalence,11.4,87.0,5.1,9.3,4.8,24.2,23.8,17.3,11.4,78.5,11.1,2.8,6.6,25.0,234.0,797936.0,103374.0,64342.0,6439.0,451.0,421.0,233.0,22.0,13.0,233.0,125.0,2.0,17.0,0.0,3.0
688c8453-ba6f-7dec-03c3-eaa27d6df1a4,1959-02-13,65.0,M,other,nonhispanic,D,Quincy,Massachusetts,2170,Norfolk County,25021.0,25021,42.29714227774623,-71.02618112499087,3.0,2.5,96.8,94.8,3.4,2.5,1.9,32.5,4.0,9.2,31.3,1.3,0.7,10.4,41.1,730082.0,40.9,16.9,12.0,58.8,6.7,130739.0,Norfolk,MA,Massachusetts,2023.0,Crude prevalence,10.7,91.2,4.9,9.0,5.2,23.5,17.1,14.6,10.8,81.5,9.2,2.7,3.8,25.0,154.0,725981.0,25945.0,26578.0,197944.0,3196.0,4685.0,95275.0,1316.0,1776.0,150.0,21.0,4.0,24.0,2.0,9.0
8a2af5b4-6f29-27d4-b5fd-bb687fa2169b,1982-05-19,42.0,F,asian,nonhispanic,M,Northampton,Massachusetts,1063,Hampshire County,25015.0,25015,42.34769533124557,-72.75542224655364,2.0,2.6,96.4,92.9,3.1,3.9,1.7,23.2,7.0,7.4,32.2,0.6,0.5,12.1,44.5,162028.0,37.4,20.5,14.8,51.6,11.3,87001.0,Hampshire,MA,Massachusetts,2023.0,Crude prevalence,12.1,87.7,5.6,8.2,5.5,22.2,17.4,17.4,11.7,80.6,9.7,2.7,4.2,25.0,35.0,162308.0,4615.0,7776.0,54536.0,1485.0,3174.0,33007.0,798.0,1861.0,24.0,9.0,7.0,8.0,3.0,6.0
a172af40-3eeb-e33a-f4eb-bcf071ed5299,1993-05-18,31.0,M,white,nonhispanic,M,Sutton,Massachusetts,0,Worcester County,,,42.10574326467438,-71.70734417364883,,,,,,,,,,,,,,,,,,,,,,,,,,,,,,,,,,,,,,,,,,,,,,,,,,,,,,,,,
93904045-6509-c7c6-9b28-aff82a8e7181,1959-02-13,65.0,M,other,nonhispanic,M,Quincy,Massachusetts,2186,Norfolk County,25021.0,25021,42.27001201710586,-70.99165618798384,3.0,2.5,96.8,94.8,3.4,2.5,1.9,32.5,4.0,9.2,31.3,1.3,0.7,10.4,41.1,730082.0,40.9,16.9,12.0,58.8,6.7,130739.0,Norfolk,MA,Massachusetts,2023.0,Crude prevalence,10.7,91.2,4.9,9.0,5.2,23.5,17.1,14.6,10.8,81.5,9.2,2.7,3.8,25.0,154.0,725981.0,25945.0,26578.0,197944.0,3196.0,4685.0,95275.0,1316.0,1776.0,150.0,21.0,4.0,24.0,2.0,9.0
139cd667-593c-c80f-ece7-7561016c43db,2024-11-11,0.0,F,white,nonhispanic,,Norwood,Massachusetts,2090,Norfolk County,25021.0,25021,42.16968986965115,-71.25389880057027,3.0,2.5,96.8,94.8,3.4,2.5,1.9,32.5,4.0,9.2,31.3,1.3,0.7,10.4,41.1,730082.0,40.9,16.9,12.0,58.8,6.7,130739.0,Norfolk,MA,Massachusetts,2023.0,Crude prevalence,10.7,91.2,4.9,9.0,5.2,23.5,17.1,14.6,10.8,81.5,9.2,2.7,3.8,25.0,154.0,725981.0,25945.0,26578.0,197944.0,3196.0,4685.0,95275.0,1316.0,1776.0,150.0,21.0,4.0,24.0,2.0,9.0
345e08f8-968e-912d-5127-3bdea2ba7b9f,1966-08-15,58.0,F,white,nonhispanic,M,Cambridge,Massachusetts,2138,Middlesex County,25017.0,25017,42.34371401622498,-71.15902305885682,3.5,3.2,97.0,94.7,3.0,2.9,2.4,29.9,4.5,10.3,38.7,1.5,0.8,9.5,37.6,1638365.0,38.9,17.2,10.9,59.5,7.7,130847.0,Middlesex,MA,Massachusetts,2023.0,Crude prevalence,11.1,90.6,4.6,8.5,4.9,23.8,18.3,14.8,10.0,79.9,9.1,2.5,4.0,25.0,357.0,1632002.0,65150.0,59014.0,326094.0,5412.0,8200.0,167345.0,2596.0,4123.0,336.0,72.0,5.0,43.0,3.0,23.0
d356a6f2-9dd4-c69f-8792-5c0061b52755,1997-05-06,27.0,F,white,hispanic,S,Chelsea,Massachusetts,2150,Suffolk County,25025.0,25025,42.40188184909472,-71.02744126839303,7.6,4.9,95.4,91.6,4.4,4.2,3.1,30.9,8.4,31.6,63.5,2.2,1.9,9.9,42.1,785121.0,33.9,20.2,11.6,50.6,16.2,95631.0,Suffolk,MA,Massachusetts,2023.0,Crude prevalence,11.4,87.0,5.1,9.3,4.8,24.2,23.8,17.3,11.4,78.5,11.1,2.8,6.6,25.0,234.0,797936.0,103374.0,64342.0,6439.0,451.0,421.0,233.0,22.0,13.0,233.0,125.0,2.0,17.0,0.0,3.0
8d7f6a31-31ba-da9c-2b57-03ee0f7577a0,1954-04-26,70.0,F,black,hispanic,M,Boston,Massachusetts,2120,Suffolk County,25025.0,25025,42.336418317621295,-71.07505595465311,7.6,4.9,95.4,91.6,4.4,4.2,3.1,30.9,8.4,31.6,63.5,2.2,1.9,9.9,42.1,785121.0,33.9,20.2,11.6,50.6,16.2,95631.0,Suffolk,MA,Massachusetts,2023.0,Crude prevalence,11.4,87.0,5.1,9.3,4.8,24.2,23.8,17.3,11.4,78.5,11.1,2.8,6.6,25.0,234.0,797936.0,103374.0,64342.0,6439.0,451.0,421.0,233.0,22.0,13.0,233.0,125.0,2.0,17.0,0.0,3.0
f8bbf1e4-7bb5-dc68-a7a8-b509ff9a7832,1962-04-16,62.0,M,white,hispanic,D,Taunton,Massachusetts,2767,Bristol County,25005.0,25005,41.96074552348098,-71.07583173061408,6.7,6.6,94.1,90.2,3.6,4.2,3.3,28.5,4.6,9.5,37.7,1.5,0.7,9.9,42.3,582270.0,40.9,30.5,16.1,30.8,11.3,85625.0,Bristol,MA,Massachusetts,2023.0,Crude prevalence,12.6,89.0,7.6,10.8,6.8,32.1,24.8,18.6,14.6,81.9,15.8,3.5,5.9,25.0,130.0,579200.0,22294.0,46290.0,114695.0,2820.0,7126.0,60702.0,1427.0,3731.0,111.0,64.0,7.0,15.0,1.0,8.0
34b8aa06-9904-df2f-e571-c6c5e767f24b,2022-05-10,2.0,F,white,nonhispanic,,Sutton,Massachusetts,0,Worcester County,,,42.11421920082408,-71.74102728747091,,,,,,,,,,,,,,,,,,,,,,,,,,,,,,,,,,,,,,,,,,,,,,,,,,,,,,,,,
885c1eeb-1b4c-8a3a-bfc7-a68897e470a6,1956-08-07,68.0,M,white,nonhispanic,D,Montague,Massachusetts,0,Franklin County,,,42.555671564938905,-72.52184510697981,,,,,,,,,,,,,,,,,,,,,,,,,,,,,,,,,,,,,,,,,,,,,,,,,,,,,,,,,
ba234ff2-cefe-dfee-935a-8ea2378da8c2,1965-02-04,59.0,M,white,nonhispanic,M,Newton,Massachusetts,2459,Middlesex County,25017.0,25017,42.301123993451206,-71.15899240866871,3.5,3.2,97.0,94.7,3.0,2.9,2.4,29.9,4.5,10.3,38.7,1.5,0.8,9.5,37.6,1638365.0,38.9,17.2,10.9,59.5,7.7,130847.0,Middlesex,MA,Massachusetts,2023.0,Crude prevalence,11.1,90.6,4.6,8.5,4.9,23.8,18.3,14.8,10.0,79.9,9.1,2.5,4.0,25.0,357.0,1632002.0,65150.0,59014.0,326094.0,5412.0,8200.0,167345.0,2596.0,4123.0,336.0,72.0,5.0,43.0,3.0,23.0
09c92ce0-6ff1-7234-956d-33795ad6648c,2020-06-12,4.0,F,white,nonhispanic,,Norton,Massachusetts,0,Bristol County,,,41.940193432848616,-71.16687609698799,,,,,,,,,,,,,,,,,,,,,,,,,,,,,,,,,,,,,,,,,,,,,,,,,,,,,,,,,
d0a482ef-d151-72a4-8bb5-bf7045e71a07,2010-12-25,14.0,F,white,nonhispanic,,Lowell,Massachusetts,1854,Middlesex County,25017.0,25017,42.66570618784544,-71.3378587266774,3.5,3.2,97.0,94.7,3.0,2.9,2.4,29.9,4.5,10.3,38.7,1.5,0.8,9.5,37.6,1638365.0,38.9,17.2,10.9,59.5,7.7,130847.0,Middlesex,MA,Massachusetts,2023.0,Crude prevalence,11.1,90.6,4.6,8.5,4.9,23.8,18.3,14.8,10.0,79.9,9.1,2.5,4.0,25.0,357.0,1632002.0,65150.0,59014.0,326094.0,5412.0,8200.0,167345.0,2596.0,4123.0,336.0,72.0,5.0,43.0,3.0,23.0
ad41b3b5-b5a1-f136-af92-bc03052fba86,1959-10-05,65.0,F,white,nonhispanic,M,Easthampton,Massachusetts,1027,Hampshire County,25015.0,25015,42.30352615551323,-72.73171720752501,2.0,2.6,96.4,92.9,3.1,3.9,1.7,23.2,7.0,7.4,32.2,0.6,0.5,12.1,44.5,162028.0,37.4,20.5,14.8,51.6,11.3,87001.0,Hampshire,MA,Massachusetts,2023.0,Crude prevalence,12.1,87.7,5.6,8.2,5.5,22.2,17.4,17.4,11.7,80.6,9.7,2.7,4.2,25.0,35.0,162308.0,4615.0,7776.0,54536.0,1485.0,3174.0,33007.0,798.0,1861.0,24.0,9.0,7.0,8.0,3.0,6.0
5d84e6a3-b4bd-63d6-57c5-cada0916490d,1984-08-19,40.0,F,white,nonhispanic,S,Tisbury,Massachusetts,0,Dukes County,,,41.47161251631839,-70.61888581896964,,,,,,,,,,,,,,,,,,,,,,,,,,,,,,,,,,,,,,,,,,,,,,,,,,,,,,,,,
373e1deb-b6b2-b528-372e-4d43362376b0,2008-02-20,16.0,M,white,nonhispanic,,Billerica,Massachusetts,0,Middlesex County,,,42.5117530730993,-71.28910786610557,,,,,,,,,,,,,,,,,,,,,,,,,,,,,,,,,,,,,,,,,,,,,,,,,,,,,,,,,
bad853b3-250e-3dc8-19b0-6ebe36b636dc,1962-04-11,62.0,M,white,nonhispanic,M,Foxborough,Massachusetts,2035,Norfolk County,25021.0,25021,42.03591198870232,-71.21489000344204,3.0,2.5,96.8,94.8,3.4,2.5,1.9,32.5,4.0,9.2,31.3,1.3,0.7,10.4,41.1,730082.0,40.9,16.9,12.0,58.8,6.7,130739.0,Norfolk,MA,Massachusetts,2023.0,Crude prevalence,10.7,91.2,4.9,9.0,5.2,23.5,17.1,14.6,10.8,81.5,9.2,2.7,3.8,25.0,154.0,725981.0,25945.0,26578.0,197944.0,3196.0,4685.0,95275.0,1316.0,1776.0,150.0,21.0,4.0,24.0,2.0,9.0
0133267a-6406-a01b-8d4a-f60993b1e3ca,1976-12-19,48.0,M,black,nonhispanic,M,Boston,Massachusetts,2203,Suffolk County,25025.0,25025,42.29113092925753,-71.03473225980787,7.6,4.9,95.4,91.6,4.4,4.2,3.1,30.9,8.4,31.6,63.5,2.2,1.9,9.9,42.1,785121.0,33.9,20.2,11.6,50.6,16.2,95631.0,Suffolk,MA,Massachusetts,2023.0,Crude prevalence,11.4,87.0,5.1,9.3,4.8,24.2,23.8,17.3,11.4,78.5,11.1,2.8,6.6,25.0,234.0,797936.0,103374.0,64342.0,6439.0,451.0,421.0,233.0,22.0,13.0,233.0,125.0,2.0,17.0,0.0,3.0
d3bcf7cc-11ff-2e5c-2eb4-bd90a1aac20b,1989-04-20,35.0,M,native,nonhispanic,D,Lynn,Massachusetts,1902,Essex County,25009.0,25009,42.4906651168025,-70.91685365426281,5.2,4.7,95.2,92.4,3.4,4.5,2.8,28.5,5.0,9.3,36.5,1.8,1.1,10.5,46.4,813054.0,41.2,24.1,14.8,43.0,9.4,101883.0,Essex,MA,Massachusetts,2023.0,Crude prevalence,11.5,89.7,6.3,10.3,6.2,30.0,24.1,15.3,13.0,81.1,11.4,3.1,6.2,25.0,173.0,809829.0,29171.0,51931.0,173529.0,3126.0,5336.0,94719.0,1761.0,3011.0,162.0,73.0,7.0,16.0,2.0,10.0
1d9a4ec2-5e53-d852-ef66-d4de1671f6d8,2010-04-16,14.0,M,black,nonhispanic,,Woburn,Massachusetts,1890,Middlesex County,25017.0,25017,42.51184826885716,-71.19834295619286,3.5,3.2,97.0,94.7,3.0,2.9,2.4,29.9,4.5,10.3,38.7,1.5,0.8,9.5,37.6,1638365.0,38.9,17.2,10.9,59.5,7.7,130847.0,Middlesex,MA,Massachusetts,2023.0,Crude prevalence,11.1,90.6,4.6,8.5,4.9,23.8,18.3,14.8,10.0,79.9,9.1,2.5,4.0,25.0,357.0,1632002.0,65150.0,59014.0,326094.0,5412.0,8200.0,167345.0,2596.0,4123.0,336.0,72.0,5.0,43.0,3.0,23.0
08d6836a-cefb-bc53-c8c2-cb0ee6c5e53d,2002-03-28,22.0,M,white,nonhispanic,,Attleboro,Massachusetts,2861,Bristol County,44007.0,44007,41.96783042895284,-71.26898386867812,6.7,6.8,94.0,90.5,4.3,5.3,5.4,25.9,6.7,11.5,43.1,1.9,1.1,10.3,37.0,664854.0,38.0,29.0,17.6,32.3,13.4,78787.0,Providence,RI,Rhode Island,2023.0,Crude prevalence,12.4,88.4,6.7,11.6,6.2,33.4,28.7,17.9,14.0,83.1,12.2,3.2,10.1,44.0,145.0,660741.0,29859.0,46094.0,48924.0,1421.0,2142.0,23039.0,859.0,1267.0,135.0,66.0,0.0,8.0,0.0,4.0
c1b2ab2b-da66-32d5-1257-63d0f155fd8b,1979-08-04,45.0,F,black,nonhispanic,S,Boston,Massachusetts,2215,Suffolk County,25025.0,25025,42.30271017528878,-71.10343140979826,7.6,4.9,95.4,91.6,4.4,4.2,3.1,30.9,8.4,31.6,63.5,2.2,1.9,9.9,42.1,785121.0,33.9,20.2,11.6,50.6,16.2,95631.0,Suffolk,MA,Massachusetts,2023.0,Crude prevalence,11.4,87.0,5.1,9.3,4.8,24.2,23.8,17.3,11.4,78.5,11.1,2.8,6.6,25.0,234.0,797936.0,103374.0,64342.0,6439.0,451.0,421.0,233.0,22.0,13.0,233.0,125.0,2.0,17.0,0.0,3.0
b672cf7a-e1b1-2e21-72e8-b29fca4b4e33,2020-12-06,4.0,F,white,nonhispanic,,Ludlow,Massachusetts,0,Hampden County,,,42.19232392548599,-72.46600756447991,,,,,,,,,,,,,,,,,,,,,,,,,,,,,,,,,,,,,,,,,,,,,,,,,,,,,,,,,
d9264059-a17f-517e-bc65-eb3df11c2e10,2022-02-06,2.0,M,black,nonhispanic,,Quincy,Massachusetts,2169,Norfolk County,25021.0,25021,42.28951132010129,-71.04169158129012,3.0,2.5,96.8,94.8,3.4,2.5,1.9,32.5,4.0,9.2,31.3,1.3,0.7,10.4,41.1,730082.0,40.9,16.9,12.0,58.8,6.7,130739.0,Norfolk,MA,Massachusetts,2023.0,Crude prevalence,10.7,91.2,4.9,9.0,5.2,23.5,17.1,14.6,10.8,81.5,9.2,2.7,3.8,25.0,154.0,725981.0,25945.0,26578.0,197944.0,3196.0,4685.0,95275.0,1316.0,1776.0,150.0,21.0,4.0,24.0,2.0,9.0
21060120-8398-1940-3dc7-1d7f56bb2674,2003-08-04,21.0,F,white,hispanic,,Chicopee,Massachusetts,1020,Hampden County,25013.0,25013,42.12454499946443,-72.53578890313472,5.4,7.4,92.1,89.0,3.6,5.1,3.0,22.7,6.6,12.0,37.8,1.1,0.7,9.7,44.3,462815.0,40.0,30.3,17.6,29.3,16.3,71306.0,Hampden,MA,Massachusetts,2023.0,Crude prevalence,12.7,87.8,7.7,12.1,7.0,34.9,29.8,18.9,16.0,80.4,14.8,3.7,8.1,25.0,104.0,465825.0,22134.0,47108.0,80803.0,2499.0,4562.0,39525.0,1193.0,2134.0,93.0,67.0,7.0,19.0,1.0,9.0
bb185e06-2cea-6f9c-cb59-9c05ffad11ef,2004-01-21,20.0,F,white,nonhispanic,,Bolton,Massachusetts,0,Worcester County,,,42.42293451466211,-71.59872054838273,,,,,,,,,,,,,,,,,,,,,,,,,,,,,,,,,,,,,,,,,,,,,,,,,,,,,,,,,
73b97ede-ebda-6de2-36c8-c7c6cc9ad9ff,1985-08-31,39.0,M,white,nonhispanic,M,Turners Falls,Massachusetts,1376,Franklin County,25011.0,25011,42.59359748577896,-72.59233770748175,1.5,4.0,94.5,91.3,3.4,2.9,2.1,23.8,8.6,7.9,29.9,1.4,0.2,8.9,48.5,70944.0,47.2,26.9,16.8,40.6,12.1,74907.0,Franklin,MA,Massachusetts,2023.0,Crude prevalence,11.8,90.5,7.7,10.8,7.3,26.3,22.1,16.1,13.8,82.1,12.8,3.6,4.7,25.0,19.0,71029.0,2493.0,5377.0,13556.0,915.0,2412.0,8348.0,622.0,1749.0,10.0,12.0,5.0,4.0,3.0,3.0
13472219-c176-990a-641f-14cf9d4d8480,2001-05-05,23.0,M,asian,nonhispanic,,Wakefield,Massachusetts,1880,Middlesex County,25017.0,25017,42.51579976888084,-71.0347007815161,3.5,3.2,97.0,94.7,3.0,2.9,2.4,29.9,4.5,10.3,38.7,1.5,0.8,9.5,37.6,1638365.0,38.9,17.2,10.9,59.5,7.7,130847.0,Middlesex,MA,Massachusetts,2023.0,Crude prevalence,11.1,90.6,4.6,8.5,4.9,23.8,18.3,14.8,10.0,79.9,9.1,2.5,4.0,25.0,357.0,1632002.0,65150.0,59014.0,326094.0,5412.0,8200.0,167345.0,2596.0,4123.0,336.0,72.0,5.0,43.0,3.0,23.0
1060044a-f072-f905-e067-c67d12ad8e6b,2011-07-15,13.0,F,white,nonhispanic,,Brookline,Massachusetts,2446,Norfolk County,25021.0,25021,42.30469093272991,-71.13060268513182,3.0,2.5,96.8,94.8,3.4,2.5,1.9,32.5,4.0,9.2,31.3,1.3,0.7,10.4,41.1,730082.0,40.9,16.9,12.0,58.8,6.7,130739.0,Norfolk,MA,Massachusetts,2023.0,Crude prevalence,10.7,91.2,4.9,9.0,5.2,23.5,17.1,14.6,10.8,81.5,9.2,2.7,3.8,25.0,154.0,725981.0,25945.0,26578.0,197944.0,3196.0,4685.0,95275.0,1316.0,1776.0,150.0,21.0,4.0,24.0,2.0,9.0
958988d0-ad72-fe02-722e-f81e0e2cbf47,1988-09-13,36.0,F,native,nonhispanic,S,Ipswich,Massachusetts,1938,Essex County,25009.0,25009,42.64629193995357,-70.87915857567856,5.2,4.7,95.2,92.4,3.4,4.5,2.8,28.5,5.0,9.3,36.5,1.8,1.1,10.5,46.4,813054.0,41.2,24.1,14.8,43.0,9.4,101883.0,Essex,MA,Massachusetts,2023.0,Crude prevalence,11.5,89.7,6.3,10.3,6.2,30.0,24.1,15.3,13.0,81.1,11.4,3.1,6.2,25.0,173.0,809829.0,29171.0,51931.0,173529.0,3126.0,5336.0,94719.0,1761.0,3011.0,162.0,73.0,7.0,16.0,2.0,10.0
e1e77618-ef71-5312-7627-14f6834da851,2005-10-28,19.0,M,white,nonhispanic,,Leominster,Massachusetts,1453,Worcester County,25027.0,25027,42.55412425400541,-71.75134241876535,3.7,5.1,95.7,92.9,3.5,3.5,2.5,29.2,5.5,8.3,34.2,1.4,0.6,10.1,40.5,867788.0,40.2,26.3,16.6,39.7,10.3,95939.0,Worcester,MA,Massachusetts,2023.0,Crude prevalence,12.1,89.4,6.3,10.4,6.0,32.6,23.8,17.2,13.4,81.3,12.3,3.1,5.4,25.0,191.0,862111.0,27738.0,53441.0,200780.0,4825.0,10874.0,112711.0,2735.0,6746.0,149.0,74.0,12.0,31.0,2.0,14.0
a03e9688-2e96-60c9-74cf-f3a3718f729b,2007-07-27,17.0,F,white,nonhispanic,,Oxford,Massachusetts,1540,Worcester County,25027.0,25027,42.17230129620207,-71.9041219750204,3.7,5.1,95.7,92.9,3.5,3.5,2.5,29.2,5.5,8.3,34.2,1.4,0.6,10.1,40.5,867788.0,40.2,26.3,16.6,39.7,10.3,95939.0,Worcester,MA,Massachusetts,2023.0,Crude prevalence,12.1,89.4,6.3,10.4,6.0,32.6,23.8,17.2,13.4,81.3,12.3,3.1,5.4,25.0,191.0,862111.0,27738.0,53441.0,200780.0,4825.0,10874.0,112711.0,2735.0,6746.0,149.0,74.0,12.0,31.0,2.0,14.0
b896abfb-034d-9dde-59df-7ee47f216174,2020-04-30,4.0,F,white,nonhispanic,,Boston,Massachusetts,2108,Suffolk County,25025.0,25025,42.334686934128506,-71.07788550456722,7.6,4.9,95.4,91.6,4.4,4.2,3.1,30.9,8.4,31.6,63.5,2.2,1.9,9.9,42.1,785121.0,33.9,20.2,11.6,50.6,16.2,95631.0,Suffolk,MA,Massachusetts,2023.0,Crude prevalence,11.4,87.0,5.1,9.3,4.8,24.2,23.8,17.3,11.4,78.5,11.1,2.8,6.6,25.0,234.0,797936.0,103374.0,64342.0,6439.0,451.0,421.0,233.0,22.0,13.0,233.0,125.0,2.0,17.0,0.0,3.0
aa1a2074-ad05-6d4f-0063-6188c4f25a12,1982-09-10,42.0,M,white,nonhispanic,S,Lowell,Massachusetts,1850,Middlesex County,25017.0,25017,42.60250688872575,-71.29926858126379,3.5,3.2,97.0,94.7,3.0,2.9,2.4,29.9,4.5,10.3,38.7,1.5,0.8,9.5,37.6,1638365.0,38.9,17.2,10.9,59.5,7.7,130847.0,Middlesex,MA,Massachusetts,2023.0,Crude prevalence,11.1,90.6,4.6,8.5,4.9,23.8,18.3,14.8,10.0,79.9,9.1,2.5,4.0,25.0,357.0,1632002.0,65150.0,59014.0,326094.0,5412.0,8200.0,167345.0,2596.0,4123.0,336.0,72.0,5.0,43.0,3.0,23.0
062ce52a-5823-aeb4-e0d1-d514baf42a38,2016-12-08,8.0,F,white,hispanic,,Somerville,Massachusetts,2138,Middlesex County,25017.0,25017,42.43174348768297,-71.14250596695375,3.5,3.2,97.0,94.7,3.0,2.9,2.4,29.9,4.5,10.3,38.7,1.5,0.8,9.5,37.6,1638365.0,38.9,17.2,10.9,59.5,7.7,130847.0,Middlesex,MA,Massachusetts,2023.0,Crude prevalence,11.1,90.6,4.6,8.5,4.9,23.8,18.3,14.8,10.0,79.9,9.1,2.5,4.0,25.0,357.0,1632002.0,65150.0,59014.0,326094.0,5412.0,8200.0,167345.0,2596.0,4123.0,336.0,72.0,5.0,43.0,3.0,23.0
33d283d8-d724-4c5d-9eb2-aab318712e12,1953-08-04,71.0,M,white,nonhispanic,M,Dighton,Massachusetts,0,Bristol County,,,41.82550580328192,-71.14921108245935,,,,,,,,,,,,,,,,,,,,,,,,,,,,,,,,,,,,,,,,,,,,,,,,,,,,,,,,,
679339b2-5ff9-00c8-be7f-0b32aa9b9692,2009-03-02,15.0,F,white,nonhispanic,,Boston,Massachusetts,2215,Suffolk County,25025.0,25025,42.3735164111496,-71.10414202910901,7.6,4.9,95.4,91.6,4.4,4.2,3.1,30.9,8.4,31.6,63.5,2.2,1.9,9.9,42.1,785121.0,33.9,20.2,11.6,50.6,16.2,95631.0,Suffolk,MA,Massachusetts,2023.0,Crude prevalence,11.4,87.0,5.1,9.3,4.8,24.2,23.8,17.3,11.4,78.5,11.1,2.8,6.6,25.0,234.0,797936.0,103374.0,64342.0,6439.0,451.0,421.0,233.0,22.0,13.0,233.0,125.0,2.0,17.0,0.0,3.0
1e56d360-30c5-5a41-8dd8-e3f74deed263,1987-06-25,37.0,F,white,nonhispanic,D,Monson Center,Massachusetts,0,Hampden County,,,42.143255609451856,-72.27819614375677,,,,,,,,,,,,,,,,,,,,,,,,,,,,,,,,,,,,,,,,,,,,,,,,,,,,,,,,,
457a9cf0-6fc6-2761-f409-0e136aae0a8b,1973-05-17,51.0,F,white,nonhispanic,S,Somerville,Massachusetts,2155,Middlesex County,25017.0,25017,42.42436568340664,-71.09894537645074,3.5,3.2,97.0,94.7,3.0,2.9,2.4,29.9,4.5,10.3,38.7,1.5,0.8,9.5,37.6,1638365.0,38.9,17.2,10.9,59.5,7.7,130847.0,Middlesex,MA,Massachusetts,2023.0,Crude prevalence,11.1,90.6,4.6,8.5,4.9,23.8,18.3,14.8,10.0,79.9,9.1,2.5,4.0,25.0,357.0,1632002.0,65150.0,59014.0,326094.0,5412.0,8200.0,167345.0,2596.0,4123.0,336.0,72.0,5.0,43.0,3.0,23.0
2140a954-e520-58d5-ba4b-e7af4c944f48,1978-06-10,46.0,F,white,nonhispanic,D,Lexington,Massachusetts,2420,Middlesex County,25017.0,25017,42.45048728591279,-71.2314471546438,3.5,3.2,97.0,94.7,3.0,2.9,2.4,29.9,4.5,10.3,38.7,1.5,0.8,9.5,37.6,1638365.0,38.9,17.2,10.9,59.5,7.7,130847.0,Middlesex,MA,Massachusetts,2023.0,Crude prevalence,11.1,90.6,4.6,8.5,4.9,23.8,18.3,14.8,10.0,79.9,9.1,2.5,4.0,25.0,357.0,1632002.0,65150.0,59014.0,326094.0,5412.0,8200.0,167345.0,2596.0,4123.0,336.0,72.0,5.0,43.0,3.0,23.0
94c51553-037d-8e18-9b98-441bd96a892e,2023-04-30,1.0,M,white,nonhispanic,,Chelsea,Massachusetts,2150,Suffolk County,25025.0,25025,42.39969917163616,-71.04747152477782,7.6,4.9,95.4,91.6,4.4,4.2,3.1,30.9,8.4,31.6,63.5,2.2,1.9,9.9,42.1,785121.0,33.9,20.2,11.6,50.6,16.2,95631.0,Suffolk,MA,Massachusetts,2023.0,Crude prevalence,11.4,87.0,5.1,9.3,4.8,24.2,23.8,17.3,11.4,78.5,11.1,2.8,6.6,25.0,234.0,797936.0,103374.0,64342.0,6439.0,451.0,421.0,233.0,22.0,13.0,233.0,125.0,2.0,17.0,0.0,3.0
93fee2ab-5392-ffb0-a25b-19a8ec191461,1998-03-13,26.0,M,asian,hispanic,M,Revere,Massachusetts,2151,Suffolk County,25025.0,25025,42.41932768960096,-70.94698740277957,7.6,4.9,95.4,91.6,4.4,4.2,3.1,30.9,8.4,31.6,63.5,2.2,1.9,9.9,42.1,785121.0,33.9,20.2,11.6,50.6,16.2,95631.0,Suffolk,MA,Massachusetts,2023.0,Crude prevalence,11.4,87.0,5.1,9.3,4.8,24.2,23.8,17.3,11.4,78.5,11.1,2.8,6.6,25.0,234.0,797936.0,103374.0,64342.0,6439.0,451.0,421.0,233.0,22.0,13.0,233.0,125.0,2.0,17.0,0.0,3.0
9c755040-1ded-1ea3-49e3-9118b2fef47a,1987-12-17,37.0,M,white,nonhispanic,M,Clinton,Massachusetts,1510,Worcester County,25027.0,25027,42.44619276278037,-71.7078492625352,3.7,5.1,95.7,92.9,3.5,3.5,2.5,29.2,5.5,8.3,34.2,1.4,0.6,10.1,40.5,867788.0,40.2,26.3,16.6,39.7,10.3,95939.0,Worcester,MA,Massachusetts,2023.0,Crude prevalence,12.1,89.4,6.3,10.4,6.0,32.6,23.8,17.2,13.4,81.3,12.3,3.1,5.4,25.0,191.0,862111.0,27738.0,53441.0,200780.0,4825.0,10874.0,112711.0,2735.0,6746.0,149.0,74.0,12.0,31.0,2.0,14.0
6c3ee07c-34a7-15d2-ec2f-a8f6e7d6323f,2018-05-25,6.0,F,white,hispanic,,Lawrence,Massachusetts,1841,Essex County,25009.0,25009,42.679126569194885,-71.20272287142794,5.2,4.7,95.2,92.4,3.4,4.5,2.8,28.5,5.0,9.3,36.5,1.8,1.1,10.5,46.4,813054.0,41.2,24.1,14.8,43.0,9.4,101883.0,Essex,MA,Massachusetts,2023.0,Crude prevalence,11.5,89.7,6.3,10.3,6.2,30.0,24.1,15.3,13.0,81.1,11.4,3.1,6.2,25.0,173.0,809829.0,29171.0,51931.0,173529.0,3126.0,5336.0,94719.0,1761.0,3011.0,162.0,73.0,7.0,16.0,2.0,10.0
5e8e2a97-b1ee-6e96-aced-5822c781b792,2013-08-22,11.0,F,white,nonhispanic,,Worcester,Massachusetts,1607,Worcester County,25027.0,25027,42.294882256956456,-71.78350745726333,3.7,5.1,95.7,92.9,3.5,3.5,2.5,29.2,5.5,8.3,34.2,1.4,0.6,10.1,40.5,867788.0,40.2,26.3,16.6,39.7,10.3,95939.0,Worcester,MA,Massachusetts,2023.0,Crude prevalence,12.1,89.4,6.3,10.4,6.0,32.6,23.8,17.2,13.4,81.3,12.3,3.1,5.4,25.0,191.0,862111.0,27738.0,53441.0,200780.0,4825.0,10874.0,112711.0,2735.0,6746.0,149.0,74.0,12.0,31.0,2.0,14.0
46aba201-21d9-c8e8-989c-e62cb2faddf4,2006-01-24,18.0,M,white,nonhispanic,,Newton,Massachusetts,2468,Middlesex County,25017.0,25017,42.32395883814952,-71.25097659651897,3.5,3.2,97.0,94.7,3.0,2.9,2.4,29.9,4.5,10.3,38.7,1.5,0.8,9.5,37.6,1638365.0,38.9,17.2,10.9,59.5,7.7,130847.0,Middlesex,MA,Massachusetts,2023.0,Crude prevalence,11.1,90.6,4.6,8.5,4.9,23.8,18.3,14.8,10.0,79.9,9.1,2.5,4.0,25.0,357.0,1632002.0,65150.0,59014.0,326094.0,5412.0,8200.0,167345.0,2596.0,4123.0,336.0,72.0,5.0,43.0,3.0,23.0
9c5726f3-5d8e-5f0a-e60e-c326f4a9fcf3,2025-05-19,,F,white,nonhispanic,,Northampton,Massachusetts,1060,Hampshire County,25015.0,25015,42.29136297762052,-72.6587327485904,2.0,2.6,96.4,92.9,3.1,3.9,1.7,23.2,7.0,7.4,32.2,0.6,0.5,12.1,44.5,162028.0,37.4,20.5,14.8,51.6,11.3,87001.0,Hampshire,MA,Massachusetts,2023.0,Crude prevalence,12.1,87.7,5.6,8.2,5.5,22.2,17.4,17.4,11.7,80.6,9.7,2.7,4.2,25.0,35.0,162308.0,4615.0,7776.0,54536.0,1485.0,3174.0,33007.0,798.0,1861.0,24.0,9.0,7.0,8.0,3.0,6.0
a0873afa-1674-1ef3-ac16-c39738e22bba,2019-04-02,5.0,F,black,nonhispanic,,Westford,Massachusetts,0,Middlesex County,,,42.59427419135845,-71.43739162821849,,,,,,,,,,,,,,,,,,,,,,,,,,,,,,,,,,,,,,,,,,,,,,,,,,,,,,,,,
bf097b58-4dad-b71a-c180-ed2c3cfda59c,2015-01-29,9.0,F,white,nonhispanic,,Salem,Massachusetts,1907,Essex County,25009.0,25009,42.52751962883927,-70.86446251646092,5.2,4.7,95.2,92.4,3.4,4.5,2.8,28.5,5.0,9.3,36.5,1.8,1.1,10.5,46.4,813054.0,41.2,24.1,14.8,43.0,9.4,101883.0,Essex,MA,Massachusetts,2023.0,Crude prevalence,11.5,89.7,6.3,10.3,6.2,30.0,24.1,15.3,13.0,81.1,11.4,3.1,6.2,25.0,173.0,809829.0,29171.0,51931.0,173529.0,3126.0,5336.0,94719.0,1761.0,3011.0,162.0,73.0,7.0,16.0,2.0,10.0
38389261-1bb1-5848-dbed-abbae41b2b6a,2006-03-08,18.0,F,white,nonhispanic,,Brockton,Massachusetts,2301,Plymouth County,25023.0,25023,42.12720094474143,-70.99489235096789,3.2,3.7,95.9,92.9,3.4,3.3,2.5,32.5,6.9,6.0,22.4,1.3,0.7,9.4,45.4,535075.0,43.0,26.3,16.1,41.8,7.1,114201.0,Plymouth,MA,Massachusetts,2023.0,Crude prevalence,12.1,90.7,6.4,10.3,6.2,29.7,20.4,16.8,12.8,82.1,11.9,3.2,4.4,25.0,110.0,530819.0,12110.0,25764.0,167869.0,3112.0,6893.0,107833.0,1871.0,4277.0,90.0,31.0,6.0,15.0,4.0,11.0
1e7909f8-39b2-3c7e-1fda-a6c3256dc061,1963-12-11,61.0,M,white,nonhispanic,M,Lynnfield,Massachusetts,1940,Essex County,25009.0,25009,42.56199939633984,-71.02063850554164,5.2,4.7,95.2,92.4,3.4,4.5,2.8,28.5,5.0,9.3,36.5,1.8,1.1,10.5,46.4,813054.0,41.2,24.1,14.8,43.0,9.4,101883.0,Essex,MA,Massachusetts,2023.0,Crude prevalence,11.5,89.7,6.3,10.3,6.2,30.0,24.1,15.3,13.0,81.1,11.4,3.1,6.2,25.0,173.0,809829.0,29171.0,51931.0,173529.0,3126.0,5336.0,94719.0,1761.0,3011.0,162.0,73.0,7.0,16.0,2.0,10.0
3ab40d52-44be-ae07-2177-2875cc65f5a8,1995-06-05,29.0,M,white,nonhispanic,M,Northampton,Massachusetts,1060,Hampshire County,25015.0,25015,42.34115289568169,-72.74638253678195,2.0,2.6,96.4,92.9,3.1,3.9,1.7,23.2,7.0,7.4,32.2,0.6,0.5,12.1,44.5,162028.0,37.4,20.5,14.8,51.6,11.3,87001.0,Hampshire,MA,Massachusetts,2023.0,Crude prevalence,12.1,87.7,5.6,8.2,5.5,22.2,17.4,17.4,11.7,80.6,9.7,2.7,4.2,25.0,35.0,162308.0,4615.0,7776.0,54536.0,1485.0,3174.0,33007.0,798.0,1861.0,24.0,9.0,7.0,8.0,3.0,6.0
2f343369-4f65-e13e-d15b-0bc343fe7d38,2008-06-23,16.0,M,white,nonhispanic,,Billerica,Massachusetts,0,Middlesex County,,,42.558125680663245,-71.21216815096666,,,,,,,,,,,,,,,,,,,,,,,,,,,,,,,,,,,,,,,,,,,,,,,,,,,,,,,,,
2eb14889-46f2-06de-4f6e-fea5634e0d85,1943-07-11,81.0,F,white,nonhispanic,D,Arlington,Massachusetts,2476,Middlesex County,25017.0,25017,42.3857589823325,-71.19909005354926,3.5,3.2,97.0,94.7,3.0,2.9,2.4,29.9,4.5,10.3,38.7,1.5,0.8,9.5,37.6,1638365.0,38.9,17.2,10.9,59.5,7.7,130847.0,Middlesex,MA,Massachusetts,2023.0,Crude prevalence,11.1,90.6,4.6,8.5,4.9,23.8,18.3,14.8,10.0,79.9,9.1,2.5,4.0,25.0,357.0,1632002.0,65150.0,59014.0,326094.0,5412.0,8200.0,167345.0,2596.0,4123.0,336.0,72.0,5.0,43.0,3.0,23.0
26be634c-60c8-bec3-3c2a-92aa53cbecf5,2019-06-27,5.0,F,white,nonhispanic,,Orleans,Massachusetts,2653,Barnstable County,25001.0,25001,41.80690599711991,-69.96631077816096,1.6,2.1,96.5,94.3,2.9,2.8,2.7,24.8,36.4,5.4,18.9,0.9,0.3,11.0,48.8,231668.0,55.4,20.9,17.9,48.2,7.7,95241.0,Barnstable,MA,Massachusetts,2023.0,Crude prevalence,11.5,92.9,7.3,10.7,8.0,26.3,19.0,13.8,13.4,85.3,10.5,3.8,3.6,25.0,56.0,228996.0,5673.0,9959.0,117457.0,2404.0,4717.0,73818.0,1503.0,2754.0,54.0,17.0,12.0,14.0,8.0,8.0
9a57c612-581f-1c85-d505-c6c44e983d32,1988-03-24,36.0,F,white,nonhispanic,M,Middleborough,Massachusetts,0,Plymouth County,,,41.892739344980185,-70.85400536744024,,,,,,,,,,,,,,,,,,,,,,,,,,,,,,,,,,,,,,,,,,,,,,,,,,,,,,,,,
0fb515d6-ec2d-33f3-512e-7615b6e3091d,1976-02-26,48.0,M,black,hispanic,M,Westminster,Massachusetts,0,Worcester County,,,42.56405578785905,-71.94189115747263,,,,,,,,,,,,,,,,,,,,,,,,,,,,,,,,,,,,,,,,,,,,,,,,,,,,,,,,,
7c50e28d-07cc-a4cf-eb58-b2a15bc552a3,1960-03-14,64.0,F,other,nonhispanic,D,Lowell,Massachusetts,1852,Middlesex County,25017.0,25017,42.629824501376994,-71.3174225938459,3.5,3.2,97.0,94.7,3.0,2.9,2.4,29.9,4.5,10.3,38.7,1.5,0.8,9.5,37.6,1638365.0,38.9,17.2,10.9,59.5,7.7,130847.0,Middlesex,MA,Massachusetts,2023.0,Crude prevalence,11.1,90.6,4.6,8.5,4.9,23.8,18.3,14.8,10.0,79.9,9.1,2.5,4.0,25.0,357.0,1632002.0,65150.0,59014.0,326094.0,5412.0,8200.0,167345.0,2596.0,4123.0,336.0,72.0,5.0,43.0,3.0,23.0
03a7cc66-36c5-356c-419f-93bfbd7b558d,1942-02-07,82.0,M,white,nonhispanic,D,Oxford,Massachusetts,1540,Worcester County,25027.0,25027,42.13149358638369,-71.84205754237448,3.7,5.1,95.7,92.9,3.5,3.5,2.5,29.2,5.5,8.3,34.2,1.4,0.6,10.1,40.5,867788.0,40.2,26.3,16.6,39.7,10.3,95939.0,Worcester,MA,Massachusetts,2023.0,Crude prevalence,12.1,89.4,6.3,10.4,6.0,32.6,23.8,17.2,13.4,81.3,12.3,3.1,5.4,25.0,191.0,862111.0,27738.0,53441.0,200780.0,4825.0,10874.0,112711.0,2735.0,6746.0,149.0,74.0,12.0,31.0,2.0,14.0
20447ad5-5095-fb78-2bd9-69bf39242b4a,1957-09-05,67.0,F,white,nonhispanic,M,Arlington,Massachusetts,2474,Middlesex County,25017.0,25017,42.39171818894977,-71.22022244860882,3.5,3.2,97.0,94.7,3.0,2.9,2.4,29.9,4.5,10.3,38.7,1.5,0.8,9.5,37.6,1638365.0,38.9,17.2,10.9,59.5,7.7,130847.0,Middlesex,MA,Massachusetts,2023.0,Crude prevalence,11.1,90.6,4.6,8.5,4.9,23.8,18.3,14.8,10.0,79.9,9.1,2.5,4.0,25.0,357.0,1632002.0,65150.0,59014.0,326094.0,5412.0,8200.0,167345.0,2596.0,4123.0,336.0,72.0,5.0,43.0,3.0,23.0
fe0bfc8f-4cb4-7f87-4b4d-7997cbe26516,1953-09-26,71.0,M,asian,nonhispanic,D,Lynn,Massachusetts,1940,Essex County,25009.0,25009,42.41759488108269,-70.94370284176487,5.2,4.7,95.2,92.4,3.4,4.5,2.8,28.5,5.0,9.3,36.5,1.8,1.1,10.5,46.4,813054.0,41.2,24.1,14.8,43.0,9.4,101883.0,Essex,MA,Massachusetts,2023.0,Crude prevalence,11.5,89.7,6.3,10.3,6.2,30.0,24.1,15.3,13.0,81.1,11.4,3.1,6.2,25.0,173.0,809829.0,29171.0,51931.0,173529.0,3126.0,5336.0,94719.0,1761.0,3011.0,162.0,73.0,7.0,16.0,2.0,10.0
4d5bd8b4-8ee1-c357-dd1d-6bca1c275f56,1960-03-14,64.0,F,other,nonhispanic,S,Lowell,Massachusetts,1851,Middlesex County,25017.0,25017,42.59788841597123,-71.3513395132105,3.5,3.2,97.0,94.7,3.0,2.9,2.4,29.9,4.5,10.3,38.7,1.5,0.8,9.5,37.6,1638365.0,38.9,17.2,10.9,59.5,7.7,130847.0,Middlesex,MA,Massachusetts,2023.0,Crude prevalence,11.1,90.6,4.6,8.5,4.9,23.8,18.3,14.8,10.0,79.9,9.1,2.5,4.0,25.0,357.0,1632002.0,65150.0,59014.0,326094.0,5412.0,8200.0,167345.0,2596.0,4123.0,336.0,72.0,5.0,43.0,3.0,23.0
4856d816-b2ac-e1b6-5ace-4eafd4a8e86e,1999-06-17,25.0,M,white,nonhispanic,,Boston,Massachusetts,2210,Suffolk County,25025.0,25025,42.38189795024947,-71.10879972324206,7.6,4.9,95.4,91.6,4.4,4.2,3.1,30.9,8.4,31.6,63.5,2.2,1.9,9.9,42.1,785121.0,33.9,20.2,11.6,50.6,16.2,95631.0,Suffolk,MA,Massachusetts,2023.0,Crude prevalence,11.4,87.0,5.1,9.3,4.8,24.2,23.8,17.3,11.4,78.5,11.1,2.8,6.6,25.0,234.0,797936.0,103374.0,64342.0,6439.0,451.0,421.0,233.0,22.0,13.0,233.0,125.0,2.0,17.0,0.0,3.0
a37f52ec-31c4-a8da-19ba-debcbe745096,1942-02-07,82.0,M,white,nonhispanic,W,Oxford,Massachusetts,1540,Worcester County,25027.0,25027,42.10328136786425,-71.91424429340518,3.7,5.1,95.7,92.9,3.5,3.5,2.5,29.2,5.5,8.3,34.2,1.4,0.6,10.1,40.5,867788.0,40.2,26.3,16.6,39.7,10.3,95939.0,Worcester,MA,Massachusetts,2023.0,Crude prevalence,12.1,89.4,6.3,10.4,6.0,32.6,23.8,17.2,13.4,81.3,12.3,3.1,5.4,25.0,191.0,862111.0,27738.0,53441.0,200780.0,4825.0,10874.0,112711.0,2735.0,6746.0,149.0,74.0,12.0,31.0,2.0,14.0
f238b3d3-c8f3-ef73-da73-8ddd4fd38bcb,1983-05-10,41.0,M,white,nonhispanic,S,Bridgewater,Massachusetts,2324,Plymouth County,25023.0,25023,41.98675604688547,-70.98828311960273,3.2,3.7,95.9,92.9,3.4,3.3,2.5,32.5,6.9,6.0,22.4,1.3,0.7,9.4,45.4,535075.0,43.0,26.3,16.1,41.8,7.1,114201.0,Plymouth,MA,Massachusetts,2023.0,Crude prevalence,12.1,90.7,6.4,10.3,6.2,29.7,20.4,16.8,12.8,82.1,11.9,3.2,4.4,25.0,110.0,530819.0,12110.0,25764.0,167869.0,3112.0,6893.0,107833.0,1871.0,4277.0,90.0,31.0,6.0,15.0,4.0,11.0
7c6f0701-02e7-6c85-1f82-c0f615d02bb4,1978-08-19,46.0,F,white,nonhispanic,M,Boston,Massachusetts,2118,Suffolk County,25025.0,25025,42.36318656378908,-71.02948221963182,7.6,4.9,95.4,91.6,4.4,4.2,3.1,30.9,8.4,31.6,63.5,2.2,1.9,9.9,42.1,785121.0,33.9,20.2,11.6,50.6,16.2,95631.0,Suffolk,MA,Massachusetts,2023.0,Crude prevalence,11.4,87.0,5.1,9.3,4.8,24.2,23.8,17.3,11.4,78.5,11.1,2.8,6.6,25.0,234.0,797936.0,103374.0,64342.0,6439.0,451.0,421.0,233.0,22.0,13.0,233.0,125.0,2.0,17.0,0.0,3.0
4c756282-9faf-4e7b-1689-3e3a3cb39537,2016-09-18,8.0,M,white,nonhispanic,,Pittsfield,Massachusetts,1201,Berkshire County,25003.0,25003,42.4307882905789,-73.26090131452831,1.6,4.3,94.3,90.3,3.2,3.4,1.7,21.2,17.7,9.6,30.1,0.7,0.2,10.4,43.6,129430.0,47.3,28.8,17.5,40.0,11.4,76013.0,Berkshire,MA,Massachusetts,2023.0,Crude prevalence,12.0,90.3,7.7,10.9,7.8,31.2,22.2,16.9,13.9,81.7,12.7,3.7,4.8,25.0,40.0,129026.0,5551.0,9512.0,19994.0,1419.0,2584.0,9938.0,820.0,1589.0,19.0,23.0,8.0,11.0,2.0,4.0
7dd90132-76f1-9559-8d81-e732c8633880,2025-08-21,,F,white,nonhispanic,,Scituate,Massachusetts,2066,Plymouth County,25023.0,25023,42.171631496186826,-70.71169313507582,3.2,3.7,95.9,92.9,3.4,3.3,2.5,32.5,6.9,6.0,22.4,1.3,0.7,9.4,45.4,535075.0,43.0,26.3,16.1,41.8,7.1,114201.0,Plymouth,MA,Massachusetts,2023.0,Crude prevalence,12.1,90.7,6.4,10.3,6.2,29.7,20.4,16.8,12.8,82.1,11.9,3.2,4.4,25.0,110.0,530819.0,12110.0,25764.0,167869.0,3112.0,6893.0,107833.0,1871.0,4277.0,90.0,31.0,6.0,15.0,4.0,11.0
9277390b-8a92-52e1-4d99-bb4849bac775,1957-09-05,67.0,F,white,nonhispanic,M,Arlington,Massachusetts,2476,Middlesex County,25017.0,25017,42.46071800522608,-71.13239542408726,3.5,3.2,97.0,94.7,3.0,2.9,2.4,29.9,4.5,10.3,38.7,1.5,0.8,9.5,37.6,1638365.0,38.9,17.2,10.9,59.5,7.7,130847.0,Middlesex,MA,Massachusetts,2023.0,Crude prevalence,11.1,90.6,4.6,8.5,4.9,23.8,18.3,14.8,10.0,79.9,9.1,2.5,4.0,25.0,357.0,1632002.0,65150.0,59014.0,326094.0,5412.0,8200.0,167345.0,2596.0,4123.0,336.0,72.0,5.0,43.0,3.0,23.0
dc82a5e2-139d-ff3d-d86f-a692d820ca99,2021-09-19,3.0,M,white,nonhispanic,,Springfield,Massachusetts,1104,Hampden County,25013.0,25013,42.09191589268246,-72.55374621037868,5.4,7.4,92.1,89.0,3.6,5.1,3.0,22.7,6.6,12.0,37.8,1.1,0.7,9.7,44.3,462815.0,40.0,30.3,17.6,29.3,16.3,71306.0,Hampden,MA,Massachusetts,2023.0,Crude prevalence,12.7,87.8,7.7,12.1,7.0,34.9,29.8,18.9,16.0,80.4,14.8,3.7,8.1,25.0,104.0,465825.0,22134.0,47108.0,80803.0,2499.0,4562.0,39525.0,1193.0,2134.0,93.0,67.0,7.0,19.0,1.0,9.0
6361e20a-35bf-68e3-def5-f001870db7c4,1991-07-13,33.0,F,white,nonhispanic,M,Somerville,Massachusetts,2140,Middlesex County,25017.0,25017,42.46515494287903,-71.08974796474305,3.5,3.2,97.0,94.7,3.0,2.9,2.4,29.9,4.5,10.3,38.7,1.5,0.8,9.5,37.6,1638365.0,38.9,17.2,10.9,59.5,7.7,130847.0,Middlesex,MA,Massachusetts,2023.0,Crude prevalence,11.1,90.6,4.6,8.5,4.9,23.8,18.3,14.8,10.0,79.9,9.1,2.5,4.0,25.0,357.0,1632002.0,65150.0,59014.0,326094.0,5412.0,8200.0,167345.0,2596.0,4123.0,336.0,72.0,5.0,43.0,3.0,23.0
dbf17e44-1f14-fd36-e663-a7e2afb52481,1999-10-31,25.0,M,other,nonhispanic,,Canton,Massachusetts,0,Norfolk County,,,42.22159822056906,-71.15067865072439,,,,,,,,,,,,,,,,,,,,,,,,,,,,,,,,,,,,,,,,,,,,,,,,,,,,,,,,,
f540af27-06ff-0981-5685-24c08ab33443,1989-05-16,35.0,M,white,nonhispanic,M,Oak Bluffs,Massachusetts,0,Dukes County,,,41.47540142998665,-70.59996826506566,,,,,,,,,,,,,,,,,,,,,,,,,,,,,,,,,,,,,,,,,,,,,,,,,,,,,,,,,
01a006ce-6457-50c2-8e0a-fb58fc310a86,1969-10-07,55.0,M,white,nonhispanic,M,West Springfield,Massachusetts,1089,Hampden County,25013.0,25013,42.12637928951903,-72.64817058106624,5.4,7.4,92.1,89.0,3.6,5.1,3.0,22.7,6.6,12.0,37.8,1.1,0.7,9.7,44.3,462815.0,40.0,30.3,17.6,29.3,16.3,71306.0,Hampden,MA,Massachusetts,2023.0,Crude prevalence,12.7,87.8,7.7,12.1,7.0,34.9,29.8,18.9,16.0,80.4,14.8,3.7,8.1,25.0,104.0,465825.0,22134.0,47108.0,80803.0,2499.0,4562.0,39525.0,1193.0,2134.0,93.0,67.0,7.0,19.0,1.0,9.0
d2d8d467-56b3-0911-9f00-1526676919f4,1969-01-11,55.0,M,white,nonhispanic,M,Fitchburg,Massachusetts,1420,Worcester County,25027.0,25027,42.54500716227904,-71.7941876945147,3.7,5.1,95.7,92.9,3.5,3.5,2.5,29.2,5.5,8.3,34.2,1.4,0.6,10.1,40.5,867788.0,40.2,26.3,16.6,39.7,10.3,95939.0,Worcester,MA,Massachusetts,2023.0,Crude prevalence,12.1,89.4,6.3,10.4,6.0,32.6,23.8,17.2,13.4,81.3,12.3,3.1,5.4,25.0,191.0,862111.0,27738.0,53441.0,200780.0,4825.0,10874.0,112711.0,2735.0,6746.0,149.0,74.0,12.0,31.0,2.0,14.0
de55dd93-44f9-4bcd-fa9f-ad6e7c0da01b,2007-05-31,17.0,F,white,hispanic,,Worcester,Massachusetts,1603,Worcester County,25027.0,25027,42.28513032101162,-71.8175909192618,3.7,5.1,95.7,92.9,3.5,3.5,2.5,29.2,5.5,8.3,34.2,1.4,0.6,10.1,40.5,867788.0,40.2,26.3,16.6,39.7,10.3,95939.0,Worcester,MA,Massachusetts,2023.0,Crude prevalence,12.1,89.4,6.3,10.4,6.0,32.6,23.8,17.2,13.4,81.3,12.3,3.1,5.4,25.0,191.0,862111.0,27738.0,53441.0,200780.0,4825.0,10874.0,112711.0,2735.0,6746.0,149.0,74.0,12.0,31.0,2.0,14.0
0582e289-d8d6-738b-bf47-3da4f26f6f34,1979-11-19,45.0,F,white,nonhispanic,M,Somerville,Massachusetts,2140,Middlesex County,25017.0,25017,42.424016518225336,-71.06212358395916,3.5,3.2,97.0,94.7,3.0,2.9,2.4,29.9,4.5,10.3,38.7,1.5,0.8,9.5,37.6,1638365.0,38.9,17.2,10.9,59.5,7.7,130847.0,Middlesex,MA,Massachusetts,2023.0,Crude prevalence,11.1,90.6,4.6,8.5,4.9,23.8,18.3,14.8,10.0,79.9,9.1,2.5,4.0,25.0,357.0,1632002.0,65150.0,59014.0,326094.0,5412.0,8200.0,167345.0,2596.0,4123.0,336.0,72.0,5.0,43.0,3.0,23.0
53e4891a-9108-67ef-d973-3b6a98404249,1951-08-01,73.0,F,white,hispanic,M,Lowell,Massachusetts,1852,Middlesex County,25017.0,25017,42.69800674939124,-71.29133118296211,3.5,3.2,97.0,94.7,3.0,2.9,2.4,29.9,4.5,10.3,38.7,1.5,0.8,9.5,37.6,1638365.0,38.9,17.2,10.9,59.5,7.7,130847.0,Middlesex,MA,Massachusetts,2023.0,Crude prevalence,11.1,90.6,4.6,8.5,4.9,23.8,18.3,14.8,10.0,79.9,9.1,2.5,4.0,25.0,357.0,1632002.0,65150.0,59014.0,326094.0,5412.0,8200.0,167345.0,2596.0,4123.0,336.0,72.0,5.0,43.0,3.0,23.0
d48773c1-dd70-5329-70b4-a10d6ba21508,1969-10-07,55.0,M,white,nonhispanic,S,West Springfield,Massachusetts,1089,Hampden County,25013.0,25013,42.087529893586265,-72.63708739560938,5.4,7.4,92.1,89.0,3.6,5.1,3.0,22.7,6.6,12.0,37.8,1.1,0.7,9.7,44.3,462815.0,40.0,30.3,17.6,29.3,16.3,71306.0,Hampden,MA,Massachusetts,2023.0,Crude prevalence,12.7,87.8,7.7,12.1,7.0,34.9,29.8,18.9,16.0,80.4,14.8,3.7,8.1,25.0,104.0,465825.0,22134.0,47108.0,80803.0,2499.0,4562.0,39525.0,1193.0,2134.0,93.0,67.0,7.0,19.0,1.0,9.0
311e00b9-274f-b3c6-cdcb-ac56c17c2d29,2018-12-29,6.0,M,white,nonhispanic,,Fitchburg,Massachusetts,1420,Worcester County,25027.0,25027,42.57006987033028,-71.83025306677787,3.7,5.1,95.7,92.9,3.5,3.5,2.5,29.2,5.5,8.3,34.2,1.4,0.6,10.1,40.5,867788.0,40.2,26.3,16.6,39.7,10.3,95939.0,Worcester,MA,Massachusetts,2023.0,Crude prevalence,12.1,89.4,6.3,10.4,6.0,32.6,23.8,17.2,13.4,81.3,12.3,3.1,5.4,25.0,191.0,862111.0,27738.0,53441.0,200780.0,4825.0,10874.0,112711.0,2735.0,6746.0,149.0,74.0,12.0,31.0,2.0,14.0
e27ebe5d-6514-4fb0-f1d6-d3baf7bf0ed6,1996-04-15,28.0,M,white,nonhispanic,S,Phillipston,Massachusetts,0,Worcester County,,,42.56512642450176,-72.1610960030134,,,,,,,,,,,,,,,,,,,,,,,,,,,,,,,,,,,,,,,,,,,,,,,,,,,,,,,,,
ab07c698-12cf-16d5-d125-354f3b85b899,1951-02-16,73.0,M,white,hispanic,S,Milton,Massachusetts,2186,Norfolk County,25021.0,25021,42.24034523470415,-71.07994979686487,3.0,2.5,96.8,94.8,3.4,2.5,1.9,32.5,4.0,9.2,31.3,1.3,0.7,10.4,41.1,730082.0,40.9,16.9,12.0,58.8,6.7,130739.0,Norfolk,MA,Massachusetts,2023.0,Crude prevalence,10.7,91.2,4.9,9.0,5.2,23.5,17.1,14.6,10.8,81.5,9.2,2.7,3.8,25.0,154.0,725981.0,25945.0,26578.0,197944.0,3196.0,4685.0,95275.0,1316.0,1776.0,150.0,21.0,4.0,24.0,2.0,9.0
227610af-b3d1-a8e6-29c9-25f43c7bd8d7,1955-11-02,69.0,M,white,nonhispanic,M,Everett,Massachusetts,2148,Middlesex County,25017.0,25017,42.37066573575314,-71.08574284585825,3.5,3.2,97.0,94.7,3.0,2.9,2.4,29.9,4.5,10.3,38.7,1.5,0.8,9.5,37.6,1638365.0,38.9,17.2,10.9,59.5,7.7,130847.0,Middlesex,MA,Massachusetts,2023.0,Crude prevalence,11.1,90.6,4.6,8.5,4.9,23.8,18.3,14.8,10.0,79.9,9.1,2.5,4.0,25.0,357.0,1632002.0,65150.0,59014.0,326094.0,5412.0,8200.0,167345.0,2596.0,4123.0,336.0,72.0,5.0,43.0,3.0,23.0
bf5bb016-bc49-d450-534a-417e91f7f9aa,1985-03-11,39.0,F,white,nonhispanic,S,Beverly,Massachusetts,1915,Essex County,25009.0,25009,42.58886154958896,-70.8274108226798,5.2,4.7,95.2,92.4,3.4,4.5,2.8,28.5,5.0,9.3,36.5,1.8,1.1,10.5,46.4,813054.0,41.2,24.1,14.8,43.0,9.4,101883.0,Essex,MA,Massachusetts,2023.0,Crude prevalence,11.5,89.7,6.3,10.3,6.2,30.0,24.1,15.3,13.0,81.1,11.4,3.1,6.2,25.0,173.0,809829.0,29171.0,51931.0,173529.0,3126.0,5336.0,94719.0,1761.0,3011.0,162.0,73.0,7.0,16.0,2.0,10.0
a393b12a-75b9-22ff-2a46-d564c2dff4f4,1951-02-16,73.0,M,white,hispanic,D,Milton,Massachusetts,2186,Norfolk County,25021.0,25021,42.2871159499834,-71.10763477222261,3.0,2.5,96.8,94.8,3.4,2.5,1.9,32.5,4.0,9.2,31.3,1.3,0.7,10.4,41.1,730082.0,40.9,16.9,12.0,58.8,6.7,130739.0,Norfolk,MA,Massachusetts,2023.0,Crude prevalence,10.7,91.2,4.9,9.0,5.2,23.5,17.1,14.6,10.8,81.5,9.2,2.7,3.8,25.0,154.0,725981.0,25945.0,26578.0,197944.0,3196.0,4685.0,95275.0,1316.0,1776.0,150.0,21.0,4.0,24.0,2.0,9.0
5b24c87b-6223-f5b4-51e9-82051159bd1d,2001-01-06,23.0,F,white,nonhispanic,,Northbridge,Massachusetts,0,Worcester County,,,42.1395537111252,-71.65495964112856,,,,,,,,,,,,,,,,,,,,,,,,,,,,,,,,,,,,,,,,,,,,,,,,,,,,,,,,,
c1e9a9fb-45ec-4ee4-c946-4ffc5dfa93ea,1959-04-04,65.0,M,white,hispanic,M,Worcester,Massachusetts,1606,Worcester County,25027.0,25027,42.37863449888536,-71.76212611099024,3.7,5.1,95.7,92.9,3.5,3.5,2.5,29.2,5.5,8.3,34.2,1.4,0.6,10.1,40.5,867788.0,40.2,26.3,16.6,39.7,10.3,95939.0,Worcester,MA,Massachusetts,2023.0,Crude prevalence,12.1,89.4,6.3,10.4,6.0,32.6,23.8,17.2,13.4,81.3,12.3,3.1,5.4,25.0,191.0,862111.0,27738.0,53441.0,200780.0,4825.0,10874.0,112711.0,2735.0,6746.0,149.0,74.0,12.0,31.0,2.0,14.0
e63ee044-44a6-784d-28a0-0d049d2449a5,1959-04-04,65.0,M,white,hispanic,S,Worcester,Massachusetts,1606,Worcester County,25027.0,25027,42.31396057565151,-71.71266166213267,3.7,5.1,95.7,92.9,3.5,3.5,2.5,29.2,5.5,8.3,34.2,1.4,0.6,10.1,40.5,867788.0,40.2,26.3,16.6,39.7,10.3,95939.0,Worcester,MA,Massachusetts,2023.0,Crude prevalence,12.1,89.4,6.3,10.4,6.0,32.6,23.8,17.2,13.4,81.3,12.3,3.1,5.4,25.0,191.0,862111.0,27738.0,53441.0,200780.0,4825.0,10874.0,112711.0,2735.0,6746.0,149.0,74.0,12.0,31.0,2.0,14.0
