member_id,target_inpatient_any,risk_probability,risk_prediction
a1733070-046a-4506-bba6-47f32652e9d7,0,8.231449488847746e-05,0
f9ba83f7-9940-16ae-0854-24bd34bf1843,1,0.9998246827972908,1
fc2d1fb9-862d-a60c-581a-519f5470d866,1,0.999703899676244,1
5a1b2463-6dbf-ff69-4ab9-fbc24841b9fd,0,0.00015121192555706545,0
50834d5b-3074-9f8b-833e-e32a1004126d,1,0.9998559469390229,1
d79ef414-f638-4bb9-305f-de6093018e34,0,5.3320888272130544e-05,0
531968a3-50fe-09ba-d7cc-ca438ebf9d69,0,0.0008176997750128893,0
44200e4c-f1b5-deee-17f0-226f21ff1c89,0,0.0009831010497956222,0
d20a36fc-23ba-8462-bf39-864000fbf25f,1,0.9991385373158412,1
80c747ab-dc05-2bca-dafa-e2aa58619442,0,0.00015285324226350217,0
a00b5c95-fed5-f472-749b-6b3140ead250,0,5.36968507583387e-05,0
8492edd4-143b-a863-63b3-30de357a6f94,0,0.0002764877124432608,0
a85e45e4-9090-0a5e-d395-0cc3adc7e2dd,1,0.9998149554532161,1
8dc1eb80-5a2e-3f58-a3ac-4eba98ab5f41,0,0.00021473987740065902,0
7ad140ab-bfae-c3ae-20a3-2244b1c4d0e2,1,0.9999162091517609,1
2cf6b168-ba3b-b2a3-9a95-7217a1de6911,0,0.00014028119420517388,0
ba6ea998-e7a3-d122-0e14-eace53094044,0,0.0003136604828080116,0
a8286256-4ef3-c614-4371-085d7c8cfcb2,0,0.00064157999832606,0
f691e124-1107-034e-0ebf-57a58745c7de,0,5.9669192479363374e-05,0
688c8453-ba6f-7dec-03c3-eaa27d6df1a4,1,0.9999054770784874,1
8a2af5b4-6f29-27d4-b5fd-bb687fa2169b,0,0.0008017781302408784,0
a172af40-3eeb-e33a-f4eb-bcf071ed5299,0,0.00770848160644235,0
93904045-6509-c7c6-9b28-aff82a8e7181,0,0.0011181704019679634,0
139cd667-593c-c80f-ece7-7561016c43db,0,0.0002332204862596057,0
345e08f8-968e-912d-5127-3bdea2ba7b9f,1,0.9998989172434999,1
d356a6f2-9dd4-c69f-8792-5c0061b52755,0,0.0006256750657215922,0
8d7f6a31-31ba-da9c-2b57-03ee0f7577a0,1,0.9990422767038373,1
f8bbf1e4-7bb5-dc68-a7a8-b509ff9a7832,0,0.0008434549366035708,0
34b8aa06-9904-df2f-e571-c6c5e767f24b,0,7.77141000341923e-05,0
885c1eeb-1b4c-8a3a-bfc7-a68897e470a6,1,0.9984779666376483,1
ba234ff2-cefe-dfee-935a-8ea2378da8c2,0,0.005521764762434067,0
09c92ce0-6ff1-7234-956d-33795ad6648c,0,0.00010106185301461597,0
d0a482ef-d151-72a4-8bb5-bf7045e71a07,0,8.430620006537142e-05,0
ad41b3b5-b5a1-f136-af92-bc03052fba86,0,0.0015577379807921717,0
5d84e6a3-b4bd-63d6-57c5-cada0916490d,0,0.003868356181518388,0
373e1deb-b6b2-b528-372e-4d43362376b0,0,6.551426050524269e-05,0
bad853b3-250e-3dc8-19b0-6ebe36b636dc,1,0.9998770567559078,1
0133267a-6406-a01b-8d4a-f60993b1e3ca,1,0.9993799167363192,1
d3bcf7cc-11ff-2e5c-2eb4-bd90a1aac20b,1,0.9988306833029733,1
1d9a4ec2-5e53-d852-ef66-d4de1671f6d8,0,5.732905885286769e-05,0
08d6836a-cefb-bc53-c8c2-cb0ee6c5e53d,0,0.000724921958743332,0
c1b2ab2b-da66-32d5-1257-63d0f155fd8b,1,0.9998194701880566,1
b672cf7a-e1b1-2e21-72e8-b29fca4b4e33,0,6.012915594199325e-05,0
d9264059-a17f-517e-bc65-eb3df11c2e10,0,0.0001382484039827794,0
21060120-8398-1940-3dc7-1d7f56bb2674,0,0.00016864279969381924,0
bb185e06-2cea-6f9c-cb59-9c05ffad11ef,0,0.000518468408446014,0
73b97ede-ebda-6de2-36c8-c7c6cc9ad9ff,0,0.0014770746742812277,0
13472219-c176-990a-641f-14cf9d4d8480,1,0.9998624796880327,1
1060044a-f072-f905-e067-c67d12ad8e6b,0,6.84159462263398e-05,0
958988d0-ad72-fe02-722e-f81e0e2cbf47,0,0.001053522665091503,0
e1e77618-ef71-5312-7627-14f6834da851,0,7.730615084745872e-05,0
a03e9688-2e96-60c9-74cf-f3a3718f729b,1,0.9981123353506468,1
b896abfb-034d-9dde-59df-7ee47f216174,0,0.00015487022111362764,0
aa1a2074-ad05-6d4f-0063-6188c4f25a12,0,0.00029411767914892567,0
062ce52a-5823-aeb4-e0d1-d514baf42a38,0,5.637073126146619e-05,0
33d283d8-d724-4c5d-9eb2-aab318712e12,1,0.9985245286504534,1
679339b2-5ff9-00c8-be7f-0b32aa9b9692,0,0.00036875228517330996,0
1e56d360-30c5-5a41-8dd8-e3f74deed263,1,0.9989708549121793,1
457a9cf0-6fc6-2761-f409-0e136aae0a8b,0,0.00022418514583146519,0
2140a954-e520-58d5-ba4b-e7af4c944f48,0,0.0005462853266604508,0
94c51553-037d-8e18-9b98-441bd96a892e,0,0.00019819937320114678,0
93fee2ab-5392-ffb0-a25b-19a8ec191461,0,8.127025551846202e-05,0
9c755040-1ded-1ea3-49e3-9118b2fef47a,0,0.00016925246592637447,0
6c3ee07c-34a7-15d2-ec2f-a8f6e7d6323f,0,0.00012175532512926413,0
5e8e2a97-b1ee-6e96-aced-5822c781b792,0,8.976669722210719e-05,0
46aba201-21d9-c8e8-989c-e62cb2faddf4,0,6.350556982066702e-05,0
9c5726f3-5d8e-5f0a-e60e-c326f4a9fcf3,0,0.0002054734796970997,0
a0873afa-1674-1ef3-ac16-c39738e22bba,0,5.288023938506439e-05,0
bf097b58-4dad-b71a-c180-ed2c3cfda59c,0,0.0002456610911076725,0
38389261-1bb1-5848-dbed-abbae41b2b6a,0,5.1632359069803746e-05,0
1e7909f8-39b2-3c7e-1fda-a6c3256dc061,1,0.9999148669224012,1
3ab40d52-44be-ae07-2177-2875cc65f5a8,0,7.664232520305883e-05,0
2f343369-4f65-e13e-d15b-0bc343fe7d38,0,0.0003894700310246311,0
2eb14889-46f2-06de-4f6e-fea5634e0d85,1,0.9998655792402554,1
26be634c-60c8-bec3-3c2a-92aa53cbecf5,0,5.348517666057332e-05,0
9a57c612-581f-1c85-d505-c6c44e983d32,1,0.9981054769314696,1
0fb515d6-ec2d-33f3-512e-7615b6e3091d,0,0.0005056998430391313,0
7c50e28d-07cc-a4cf-eb58-b2a15bc552a3,1,0.999907602295118,1
03a7cc66-36c5-356c-419f-93bfbd7b558d,0,0.0014327195910945828,0
20447ad5-5095-fb78-2bd9-69bf39242b4a,0,0.0046103905636087844,0
fe0bfc8f-4cb4-7f87-4b4d-7997cbe26516,0,0.0007121909469005132,0
4d5bd8b4-8ee1-c357-dd1d-6bca1c275f56,1,0.9970647304762368,1
4856d816-b2ac-e1b6-5ace-4eafd4a8e86e,0,8.460576809862182e-05,0
a37f52ec-31c4-a8da-19ba-debcbe745096,1,0.999656659948243,1
f238b3d3-c8f3-ef73-da73-8ddd4fd38bcb,1,0.9994036755548393,1
7c6f0701-02e7-6c85-1f82-c0f615d02bb4,0,0.0001677995735545986,0
4c756282-9faf-4e7b-1689-3e3a3cb39537,0,5.8432445374915556e-05,0
7dd90132-76f1-9559-8d81-e732c8633880,0,0.00022480126869663878,0
9277390b-8a92-52e1-4d99-bb4849bac775,1,0.9998503399304749,1
dc82a5e2-139d-ff3d-d86f-a692d820ca99,0,7.355724872540648e-05,0
6361e20a-35bf-68e3-def5-f001870db7c4,0,0.0007479218794639568,0
dbf17e44-1f14-fd36-e663-a7e2afb52481,0,0.00028938593272159155,0
f540af27-06ff-0981-5685-24c08ab33443,0,0.0008276030179323258,0
01a006ce-6457-50c2-8e0a-fb58fc310a86,1,0.9979814301258843,1
d2d8d467-56b3-0911-9f00-1526676919f4,0,0.00027524033760944116,0
de55dd93-44f9-4bcd-fa9f-ad6e7c0da01b,0,7.719937967678536e-05,0
0582e289-d8d6-738b-bf47-3da4f26f6f34,1,0.9998853355396531,1
53e4891a-9108-67ef-d973-3b6a98404249,0,0.004472386859639276,0
d48773c1-dd70-5329-70b4-a10d6ba21508,0,0.002256203628334522,0
311e00b9-274f-b3c6-cdcb-ac56c17c2d29,0,0.00011015487794650384,0
e27ebe5d-6514-4fb0-f1d6-d3baf7bf0ed6,0,0.0019333374677518542,0
ab07c698-12cf-16d5-d125-354f3b85b899,1,0.9974179278147087,1
227610af-b3d1-a8e6-29c9-25f43c7bd8d7,1,0.9998844319722554,1
bf5bb016-bc49-d450-534a-417e91f7f9aa,0,0.0001419895531543708,0
a393b12a-75b9-22ff-2a46-d564c2dff4f4,0,0.002210097130060774,0
5b24c87b-6223-f5b4-51e9-82051159bd1d,0,0.0002462401516524761,0
c1e9a9fb-45ec-4ee4-c946-4ffc5dfa93ea,1,0.9991347978491436,1
e63ee044-44a6-784d-28a0-0d049d2449a5,0,0.0014720588891482822,0
