row_index,member_id,model,y_true,predicted_probability,fold
0,a1733070-046a-4506-bba6-47f32652e9d7,logistic_regression,0,0.2507527642492001,1
2,fc2d1fb9-862d-a60c-581a-519f5470d866,logistic_regression,1,0.9163994252949297,1
4,50834d5b-3074-9f8b-833e-e32a1004126d,logistic_regression,1,0.9904352683722395,1
5,d79ef414-f638-4bb9-305f-de6093018e34,logistic_regression,0,0.008991320517310912,1
6,531968a3-50fe-09ba-d7cc-ca438ebf9d69,logistic_regression,0,0.03426654343483478,1
8,d20a36fc-23ba-8462-bf39-864000fbf25f,logistic_regression,1,0.9305800539764914,1
12,a85e45e4-9090-0a5e-d395-0cc3adc7e2dd,logistic_regression,1,0.9691434839298873,1
20,8a2af5b4-6f29-27d4-b5fd-bb687fa2169b,logistic_regression,0,0.43066759150702766,1
23,139cd667-593c-c80f-ece7-7561016c43db,logistic_regression,0,0.010210255952594073,1
25,d356a6f2-9dd4-c69f-8792-5c0061b52755,logistic_regression,0,0.26024418272900574,1
37,0133267a-6406-a01b-8d4a-f60993b1e3ca,logistic_regression,1,0.9127589794005789,1
40,08d6836a-cefb-bc53-c8c2-cb0ee6c5e53d,logistic_regression,0,1.0,1
53,aa1a2074-ad05-6d4f-0063-6188c4f25a12,logistic_regression,0,0.4038238348831816,1
56,679339b2-5ff9-00c8-be7f-0b32aa9b9692,logistic_regression,0,0.030989005151939586,1
60,94c51553-037d-8e18-9b98-441bd96a892e,logistic_regression,0,0.0010405794124800738,1
62,9c755040-1ded-1ea3-49e3-9118b2fef47a,logistic_regression,0,0.5901508186224881,1
68,bf097b58-4dad-b71a-c180-ed2c3cfda59c,logistic_regression,0,0.042673018080226326,1
73,2eb14889-46f2-06de-4f6e-fea5634e0d85,logistic_regression,1,0.9842522128894565,1
82,4856d816-b2ac-e1b6-5ace-4eafd4a8e86e,logistic_regression,0,0.12576770378522395,1
94,d2d8d467-56b3-0911-9f00-1526676919f4,logistic_regression,0,0.5613990875245979,1
98,d48773c1-dd70-5329-70b4-a10d6ba21508,logistic_regression,0,0.767421449544355,1
105,5b24c87b-6223-f5b4-51e9-82051159bd1d,logistic_regression,0,0.31285545819466054,1
14,7ad140ab-bfae-c3ae-20a3-2244b1c4d0e2,logistic_regression,1,0.9840137686907471,2
15,2cf6b168-ba3b-b2a3-9a95-7217a1de6911,logistic_regression,0,0.04373609924073083,2
18,f691e124-1107-034e-0ebf-57a58745c7de,logistic_regression,0,8.950851376470523e-05,2
28,34b8aa06-9904-df2f-e571-c6c5e767f24b,logistic_regression,0,7.017001175651614e-05,2
30,ba234ff2-cefe-dfee-935a-8ea2378da8c2,logistic_regression,0,0.5425169464508588,2
33,ad41b3b5-b5a1-f136-af92-bc03052fba86,logistic_regression,0,0.020379023918433506,2
38,d3bcf7cc-11ff-2e5c-2eb4-bd90a1aac20b,logistic_regression,1,0.2840309474423419,2
39,1d9a4ec2-5e53-d852-ef66-d4de1671f6d8,logistic_regression,0,0.004287089456238458,2
47,13472219-c176-990a-641f-14cf9d4d8480,logistic_regression,1,0.9296143652367437,2
48,1060044a-f072-f905-e067-c67d12ad8e6b,logistic_regression,0,0.009513789174808282,2
50,e1e77618-ef71-5312-7627-14f6834da851,logistic_regression,0,0.007563362552521087,2
51,a03e9688-2e96-60c9-74cf-f3a3718f729b,logistic_regression,1,0.09508857427660737,2
58,457a9cf0-6fc6-2761-f409-0e136aae0a8b,logistic_regression,0,0.13975436090010795,2
69,38389261-1bb1-5848-dbed-abbae41b2b6a,logistic_regression,0,0.010682358664763213,2
70,1e7909f8-39b2-3c7e-1fda-a6c3256dc061,logistic_regression,1,0.9594370748629893,2
72,2f343369-4f65-e13e-d15b-0bc343fe7d38,logistic_regression,0,0.0065101891791821374,2
76,0fb515d6-ec2d-33f3-512e-7615b6e3091d,logistic_regression,0,0.31953587748153256,2
81,4d5bd8b4-8ee1-c357-dd1d-6bca1c275f56,logistic_regression,1,0.6632354035799712,2
92,f540af27-06ff-0981-5685-24c08ab33443,logistic_regression,0,0.6166642759728623,2
97,53e4891a-9108-67ef-d973-3b6a98404249,logistic_regression,0,0.9348453851549351,2
99,311e00b9-274f-b3c6-cdcb-ac56c17c2d29,logistic_regression,0,3.3731921871291014e-05,2
100,e27ebe5d-6514-4fb0-f1d6-d3baf7bf0ed6,logistic_regression,0,0.7029505919331458,2
1,f9ba83f7-9940-16ae-0854-24bd34bf1843,logistic_regression,1,0.9918636052983032,3
3,5a1b2463-6dbf-ff69-4ab9-fbc24841b9fd,logistic_regression,0,0.0034429156323781693,3
7,44200e4c-f1b5-deee-17f0-226f21ff1c89,logistic_regression,0,0.2847494062112283,3
22,93904045-6509-c7c6-9b28-aff82a8e7181,logistic_regression,0,0.02804736598935949,3
27,f8bbf1e4-7bb5-dc68-a7a8-b509ff9a7832,logistic_regression,0,0.2190203283921905,3
29,885c1eeb-1b4c-8a3a-bfc7-a68897e470a6,logistic_regression,1,0.4781661562723736,3
31,09c92ce0-6ff1-7234-956d-33795ad6648c,logistic_regression,0,0.0010875214565793793,3
32,d0a482ef-d151-72a4-8bb5-bf7045e71a07,logistic_regression,0,0.013574377613736095,3
36,bad853b3-250e-3dc8-19b0-6ebe36b636dc,logistic_regression,1,0.9666952421437348,3
43,d9264059-a17f-517e-bc65-eb3df11c2e10,logistic_regression,0,0.0040650086857444865,3
52,b896abfb-034d-9dde-59df-7ee47f216174,logistic_regression,0,0.0011292226500018362,3
59,2140a954-e520-58d5-ba4b-e7af4c944f48,logistic_regression,0,0.15851438266858106,3
63,6c3ee07c-34a7-15d2-ec2f-a8f6e7d6323f,logistic_regression,0,0.0017823783055173693,3
66,9c5726f3-5d8e-5f0a-e60e-c326f4a9fcf3,logistic_regression,0,0.010222372804129716,3
71,3ab40d52-44be-ae07-2177-2875cc65f5a8,logistic_regression,0,0.005839890387381905,3
78,03a7cc66-36c5-356c-419f-93bfbd7b558d,logistic_regression,0,0.40904569034789623,3
85,7c6f0701-02e7-6c85-1f82-c0f615d02bb4,logistic_regression,0,0.16036757285840278,3
91,dbf17e44-1f14-fd36-e663-a7e2afb52481,logistic_regression,0,0.4137750203564564,3
93,01a006ce-6457-50c2-8e0a-fb58fc310a86,logistic_regression,1,0.02245142328658714,3
96,0582e289-d8d6-738b-bf47-3da4f26f6f34,logistic_regression,1,0.9764889687935087,3
101,ab07c698-12cf-16d5-d125-354f3b85b899,logistic_regression,1,0.3281394753624767,3
102,227610af-b3d1-a8e6-29c9-25f43c7bd8d7,logistic_regression,1,0.9981268188300643,3
9,80c747ab-dc05-2bca-dafa-e2aa58619442,logistic_regression,0,0.1137370432465226,4
11,8492edd4-143b-a863-63b3-30de357a6f94,logistic_regression,0,0.005041747859415902,4
13,8dc1eb80-5a2e-3f58-a3ac-4eba98ab5f41,logistic_regression,0,0.04323628837784646,4
21,a172af40-3eeb-e33a-f4eb-bcf071ed5299,logistic_regression,0,0.6578950764961945,4
35,373e1deb-b6b2-b528-372e-4d43362376b0,logistic_regression,0,0.014933905494259613,4
41,c1b2ab2b-da66-32d5-1257-63d0f155fd8b,logistic_regression,1,0.994546772253873,4
45,bb185e06-2cea-6f9c-cb59-9c05ffad11ef,logistic_regression,0,0.06437201480510887,4
54,062ce52a-5823-aeb4-e0d1-d514baf42a38,logistic_regression,0,0.000307921362098196,4
55,33d283d8-d724-4c5d-9eb2-aab318712e12,logistic_regression,1,0.5872897002952538,4
57,1e56d360-30c5-5a41-8dd8-e3f74deed263,logistic_regression,1,0.7007566619785798,4
61,93fee2ab-5392-ffb0-a25b-19a8ec191461,logistic_regression,0,0.08391666291651163,4
65,46aba201-21d9-c8e8-989c-e62cb2faddf4,logistic_regression,0,0.0527217042753962,4
74,26be634c-60c8-bec3-3c2a-92aa53cbecf5,logistic_regression,0,0.003626110161763049,4
75,9a57c612-581f-1c85-d505-c6c44e983d32,logistic_regression,1,0.39751344936521926,4
80,fe0bfc8f-4cb4-7f87-4b4d-7997cbe26516,logistic_regression,0,0.6826500656892145,4
84,f238b3d3-c8f3-ef73-da73-8ddd4fd38bcb,logistic_regression,1,0.968750684556209,4
87,7dd90132-76f1-9559-8d81-e732c8633880,logistic_regression,0,0.13819101053763125,4
95,de55dd93-44f9-4bcd-fa9f-ad6e7c0da01b,logistic_regression,0,0.03656783058974993,4
103,bf5bb016-bc49-d450-534a-417e91f7f9aa,logistic_regression,0,0.02889422992917412,4
106,c1e9a9fb-45ec-4ee4-c946-4ffc5dfa93ea,logistic_regression,1,0.8239352733729494,4
107,e63ee044-44a6-784d-28a0-0d049d2449a5,logistic_regression,0,0.87505212092773,4
10,a00b5c95-fed5-f472-749b-6b3140ead250,logistic_regression,0,0.01611455615079937,5
16,ba6ea998-e7a3-d122-0e14-eace53094044,logistic_regression,0,0.09547278251715018,5
17,a8286256-4ef3-c614-4371-085d7c8cfcb2,logistic_regression,0,0.08788781155390665,5
19,688c8453-ba6f-7dec-03c3-eaa27d6df1a4,logistic_regression,1,0.9960057225029479,5
24,345e08f8-968e-912d-5127-3bdea2ba7b9f,logistic_regression,1,0.960782848992083,5
26,8d7f6a31-31ba-da9c-2b57-03ee0f7577a0,logistic_regression,1,0.22784281717787586,5
34,5d84e6a3-b4bd-63d6-57c5-cada0916490d,logistic_regression,0,1.0,5
42,b672cf7a-e1b1-2e21-72e8-b29fca4b4e33,logistic_regression,0,0.00022642748767502842,5
44,21060120-8398-1940-3dc7-1d7f56bb2674,logistic_regression,0,0.12619632314940096,5
46,73b97ede-ebda-6de2-36c8-c7c6cc9ad9ff,logistic_regression,0,0.8692854874401317,5
49,958988d0-ad72-fe02-722e-f81e0e2cbf47,logistic_regression,0,0.33432409254795886,5
64,5e8e2a97-b1ee-6e96-aced-5822c781b792,logistic_regression,0,0.008634931246705443,5
67,a0873afa-1674-1ef3-ac16-c39738e22bba,logistic_regression,0,4.0092993852746494e-05,5
77,7c50e28d-07cc-a4cf-eb58-b2a15bc552a3,logistic_regression,1,0.9932729659986698,5
79,20447ad5-5095-fb78-2bd9-69bf39242b4a,logistic_regression,0,0.5095329475693909,5
83,a37f52ec-31c4-a8da-19ba-debcbe745096,logistic_regression,1,0.8732001668696611,5
86,4c756282-9faf-4e7b-1689-3e3a3cb39537,logistic_regression,0,0.001034046907370654,5
88,9277390b-8a92-52e1-4d99-bb4849bac775,logistic_regression,1,0.9705962590893844,5
89,dc82a5e2-139d-ff3d-d86f-a692d820ca99,logistic_regression,0,0.0006891076228675623,5
90,6361e20a-35bf-68e3-def5-f001870db7c4,logistic_regression,0,0.286989611452696,5
104,a393b12a-75b9-22ff-2a46-d564c2dff4f4,logistic_regression,0,0.47723779433994157,5
0,a1733070-046a-4506-bba6-47f32652e9d7,random_forest,0,0.11206091327512252,1
2,fc2d1fb9-862d-a60c-581a-519f5470d866,random_forest,1,0.4912013104186885,1
4,50834d5b-3074-9f8b-833e-e32a1004126d,random_forest,1,0.8855683464157492,1
5,d79ef414-f638-4bb9-305f-de6093018e34,random_forest,0,0.0317327247994745,1
6,531968a3-50fe-09ba-d7cc-ca438ebf9d69,random_forest,0,0.16697629747739004,1
8,d20a36fc-23ba-8462-bf39-864000fbf25f,random_forest,1,0.44943493910823196,1
12,a85e45e4-9090-0a5e-d395-0cc3adc7e2dd,random_forest,1,0.8954498554045759,1
20,8a2af5b4-6f29-27d4-b5fd-bb687fa2169b,random_forest,0,0.18583528484458003,1
23,139cd667-593c-c80f-ece7-7561016c43db,random_forest,0,0.20723905698426742,1
25,d356a6f2-9dd4-c69f-8792-5c0061b52755,random_forest,0,0.23305228228729225,1
37,0133267a-6406-a01b-8d4a-f60993b1e3ca,random_forest,1,0.5450067759766473,1
40,08d6836a-cefb-bc53-c8c2-cb0ee6c5e53d,random_forest,0,0.22845515358768353,1
53,aa1a2074-ad05-6d4f-0063-6188c4f25a12,random_forest,0,0.1841691856327985,1
56,679339b2-5ff9-00c8-be7f-0b32aa9b9692,random_forest,0,0.042352617521737815,1
60,94c51553-037d-8e18-9b98-441bd96a892e,random_forest,0,0.11118644410919504,1
62,9c755040-1ded-1ea3-49e3-9118b2fef47a,random_forest,0,0.2073600801125646,1
68,bf097b58-4dad-b71a-c180-ed2c3cfda59c,random_forest,0,0.16626012562399317,1
73,2eb14889-46f2-06de-4f6e-fea5634e0d85,random_forest,1,0.8869081665436628,1
82,4856d816-b2ac-e1b6-5ace-4eafd4a8e86e,random_forest,0,0.0777303091426911,1
94,d2d8d467-56b3-0911-9f00-1526676919f4,random_forest,0,0.15259157149868346,1
98,d48773c1-dd70-5329-70b4-a10d6ba21508,random_forest,0,0.2383696255741979,1
105,5b24c87b-6223-f5b4-51e9-82051159bd1d,random_forest,0,0.1845795688980309,1
14,7ad140ab-bfae-c3ae-20a3-2244b1c4d0e2,random_forest,1,0.8396164204047325,2
15,2cf6b168-ba3b-b2a3-9a95-7217a1de6911,random_forest,0,0.061418339046542286,2
18,f691e124-1107-034e-0ebf-57a58745c7de,random_forest,0,0.031122384628006036,2
28,34b8aa06-9904-df2f-e571-c6c5e767f24b,random_forest,0,0.061324218772604744,2
30,ba234ff2-cefe-dfee-935a-8ea2378da8c2,random_forest,0,0.6807825648191428,2
33,ad41b3b5-b5a1-f136-af92-bc03052fba86,random_forest,0,0.13893471888012748,2
38,d3bcf7cc-11ff-2e5c-2eb4-bd90a1aac20b,random_forest,1,0.31452016166543234,2
39,1d9a4ec2-5e53-d852-ef66-d4de1671f6d8,random_forest,0,0.039006164546090696,2
47,13472219-c176-990a-641f-14cf9d4d8480,random_forest,1,0.6082677469824292,2
48,1060044a-f072-f905-e067-c67d12ad8e6b,random_forest,0,0.07128357538516028,2
50,e1e77618-ef71-5312-7627-14f6834da851,random_forest,0,0.023022972322868825,2
51,a03e9688-2e96-60c9-74cf-f3a3718f729b,random_forest,1,0.10965947079215697,2
58,457a9cf0-6fc6-2761-f409-0e136aae0a8b,random_forest,0,0.15700466728153276,2
69,38389261-1bb1-5848-dbed-abbae41b2b6a,random_forest,0,0.14507221130302145,2
70,1e7909f8-39b2-3c7e-1fda-a6c3256dc061,random_forest,1,0.7768514682610722,2
72,2f343369-4f65-e13e-d15b-0bc343fe7d38,random_forest,0,0.03248527064542653,2
76,0fb515d6-ec2d-33f3-512e-7615b6e3091d,random_forest,0,0.20019626750471378,2
81,4d5bd8b4-8ee1-c357-dd1d-6bca1c275f56,random_forest,1,0.42395815924875163,2
92,f540af27-06ff-0981-5685-24c08ab33443,random_forest,0,0.3795563048847199,2
97,53e4891a-9108-67ef-d973-3b6a98404249,random_forest,0,0.6495210661806209,2
99,311e00b9-274f-b3c6-cdcb-ac56c17c2d29,random_forest,0,0.08760289169609303,2
100,e27ebe5d-6514-4fb0-f1d6-d3baf7bf0ed6,random_forest,0,0.1586464035353919,2
1,f9ba83f7-9940-16ae-0854-24bd34bf1843,random_forest,1,0.7653256505671583,3
3,5a1b2463-6dbf-ff69-4ab9-fbc24841b9fd,random_forest,0,0.1777212415768334,3
7,44200e4c-f1b5-deee-17f0-226f21ff1c89,random_forest,0,0.26013377487126943,3
22,93904045-6509-c7c6-9b28-aff82a8e7181,random_forest,0,0.24257309863256266,3
27,f8bbf1e4-7bb5-dc68-a7a8-b509ff9a7832,random_forest,0,0.11269137702271556,3
29,885c1eeb-1b4c-8a3a-bfc7-a68897e470a6,random_forest,1,0.4278714307465432,3
31,09c92ce0-6ff1-7234-956d-33795ad6648c,random_forest,0,0.07011649951829114,3
32,d0a482ef-d151-72a4-8bb5-bf7045e71a07,random_forest,0,0.1047391937597195,3
36,bad853b3-250e-3dc8-19b0-6ebe36b636dc,random_forest,1,0.8798573303592719,3
43,d9264059-a17f-517e-bc65-eb3df11c2e10,random_forest,0,0.1266179830331808,3
52,b896abfb-034d-9dde-59df-7ee47f216174,random_forest,0,0.12479103298599672,3
59,2140a954-e520-58d5-ba4b-e7af4c944f48,random_forest,0,0.2660621789603921,3
63,6c3ee07c-34a7-15d2-ec2f-a8f6e7d6323f,random_forest,0,0.0739166551495138,3
66,9c5726f3-5d8e-5f0a-e60e-c326f4a9fcf3,random_forest,0,0.29426380173769345,3
71,3ab40d52-44be-ae07-2177-2875cc65f5a8,random_forest,0,0.02133028646701187,3
78,03a7cc66-36c5-356c-419f-93bfbd7b558d,random_forest,0,0.3304022097793822,3
85,7c6f0701-02e7-6c85-1f82-c0f615d02bb4,random_forest,0,0.1765138986535932,3
91,dbf17e44-1f14-fd36-e663-a7e2afb52481,random_forest,0,0.1478525316547366,3
93,01a006ce-6457-50c2-8e0a-fb58fc310a86,random_forest,1,0.2525545217643517,3
96,0582e289-d8d6-738b-bf47-3da4f26f6f34,random_forest,1,0.9808920229920216,3
101,ab07c698-12cf-16d5-d125-354f3b85b899,random_forest,1,0.22827892525947296,3
102,227610af-b3d1-a8e6-29c9-25f43c7bd8d7,random_forest,1,0.907269447779136,3
9,80c747ab-dc05-2bca-dafa-e2aa58619442,random_forest,0,0.10399500389064073,4
11,8492edd4-143b-a863-63b3-30de357a6f94,random_forest,0,0.03657786103669991,4
13,8dc1eb80-5a2e-3f58-a3ac-4eba98ab5f41,random_forest,0,0.37154051434183305,4
21,a172af40-3eeb-e33a-f4eb-bcf071ed5299,random_forest,0,0.4170754906476266,4
35,373e1deb-b6b2-b528-372e-4d43362376b0,random_forest,0,0.020724116332705014,4
41,c1b2ab2b-da66-32d5-1257-63d0f155fd8b,random_forest,1,0.7452041599916353,4
45,bb185e06-2cea-6f9c-cb59-9c05ffad11ef,random_forest,0,0.052729236851939046,4
54,062ce52a-5823-aeb4-e0d1-d514baf42a38,random_forest,0,0.07164494710336825,4
55,33d283d8-d724-4c5d-9eb2-aab318712e12,random_forest,1,0.29492829639634455,4
57,1e56d360-30c5-5a41-8dd8-e3f74deed263,random_forest,1,0.5476265509903271,4
61,93fee2ab-5392-ffb0-a25b-19a8ec191461,random_forest,0,0.03395181584637445,4
65,46aba201-21d9-c8e8-989c-e62cb2faddf4,random_forest,0,0.15256956388345147,4
74,26be634c-60c8-bec3-3c2a-92aa53cbecf5,random_forest,0,0.06870033034172089,4
75,9a57c612-581f-1c85-d505-c6c44e983d32,random_forest,1,0.21974755388097628,4
80,fe0bfc8f-4cb4-7f87-4b4d-7997cbe26516,random_forest,0,0.2671490105158741,4
84,f238b3d3-c8f3-ef73-da73-8ddd4fd38bcb,random_forest,1,0.5425832006452749,4
87,7dd90132-76f1-9559-8d81-e732c8633880,random_forest,0,0.26891305683673095,4
95,de55dd93-44f9-4bcd-fa9f-ad6e7c0da01b,random_forest,0,0.20494092344686232,4
103,bf5bb016-bc49-d450-534a-417e91f7f9aa,random_forest,0,0.0655094059050027,4
106,c1e9a9fb-45ec-4ee4-c946-4ffc5dfa93ea,random_forest,1,0.5072309450737595,4
107,e63ee044-44a6-784d-28a0-0d049d2449a5,random_forest,0,0.3061554930298231,4
10,a00b5c95-fed5-f472-749b-6b3140ead250,random_forest,0,0.039071638737541874,5
16,ba6ea998-e7a3-d122-0e14-eace53094044,random_forest,0,0.12422539811566732,5
17,a8286256-4ef3-c614-4371-085d7c8cfcb2,random_forest,0,0.2014898891096372,5
19,688c8453-ba6f-7dec-03c3-eaa27d6df1a4,random_forest,1,0.9495479672378703,5
24,345e08f8-968e-912d-5127-3bdea2ba7b9f,random_forest,1,0.9562639027821708,5
26,8d7f6a31-31ba-da9c-2b57-03ee0f7577a0,random_forest,1,0.42293155959376266,5
34,5d84e6a3-b4bd-63d6-57c5-cada0916490d,random_forest,0,0.45337840938834933,5
42,b672cf7a-e1b1-2e21-72e8-b29fca4b4e33,random_forest,0,0.01616682965964653,5
44,21060120-8398-1940-3dc7-1d7f56bb2674,random_forest,0,0.2961010771758384,5
46,73b97ede-ebda-6de2-36c8-c7c6cc9ad9ff,random_forest,0,0.3873212063267042,5
49,958988d0-ad72-fe02-722e-f81e0e2cbf47,random_forest,0,0.25446375957743145,5
64,5e8e2a97-b1ee-6e96-aced-5822c781b792,random_forest,0,0.09521318196398419,5
67,a0873afa-1674-1ef3-ac16-c39738e22bba,random_forest,0,0.015587311695977086,5
77,7c50e28d-07cc-a4cf-eb58-b2a15bc552a3,random_forest,1,0.9442187420085888,5
79,20447ad5-5095-fb78-2bd9-69bf39242b4a,random_forest,0,0.5145283167287822,5
83,a37f52ec-31c4-a8da-19ba-debcbe745096,random_forest,1,0.5369574050208475,5
86,4c756282-9faf-4e7b-1689-3e3a3cb39537,random_forest,0,0.07943098610327279,5
88,9277390b-8a92-52e1-4d99-bb4849bac775,random_forest,1,0.9611876850478751,5
89,dc82a5e2-139d-ff3d-d86f-a692d820ca99,random_forest,0,0.14219895332882504,5
90,6361e20a-35bf-68e3-def5-f001870db7c4,random_forest,0,0.2826135880396228,5
104,a393b12a-75b9-22ff-2a46-d564c2dff4f4,random_forest,0,0.377550431271993,5
0,a1733070-046a-4506-bba6-47f32652e9d7,lightgbm,0,0.0014770898570867453,1
2,fc2d1fb9-862d-a60c-581a-519f5470d866,lightgbm,1,0.9760971664032186,1
4,50834d5b-3074-9f8b-833e-e32a1004126d,lightgbm,1,0.998789623560271,1
5,d79ef414-f638-4bb9-305f-de6093018e34,lightgbm,0,9.207083902710202e-05,1
6,531968a3-50fe-09ba-d7cc-ca438ebf9d69,lightgbm,0,0.019654555221946906,1
8,d20a36fc-23ba-8462-bf39-864000fbf25f,lightgbm,1,0.8325563458961921,1
12,a85e45e4-9090-0a5e-d395-0cc3adc7e2dd,lightgbm,1,0.997980933225484,1
20,8a2af5b4-6f29-27d4-b5fd-bb687fa2169b,lightgbm,0,0.11297108845242226,1
23,139cd667-593c-c80f-ece7-7561016c43db,lightgbm,0,0.0025623206544907228,1
25,d356a6f2-9dd4-c69f-8792-5c0061b52755,lightgbm,0,0.037077911762668385,1
37,0133267a-6406-a01b-8d4a-f60993b1e3ca,lightgbm,1,0.958779431700397,1
40,08d6836a-cefb-bc53-c8c2-cb0ee6c5e53d,lightgbm,0,0.01701180926891098,1
53,aa1a2074-ad05-6d4f-0063-6188c4f25a12,lightgbm,0,0.0041455331493546665,1
56,679339b2-5ff9-00c8-be7f-0b32aa9b9692,lightgbm,0,0.001631420082941487,1
60,94c51553-037d-8e18-9b98-441bd96a892e,lightgbm,0,0.003238176848377748,1
62,9c755040-1ded-1ea3-49e3-9118b2fef47a,lightgbm,0,0.0017851669477003417,1
68,bf097b58-4dad-b71a-c180-ed2c3cfda59c,lightgbm,0,0.02426356329596182,1
73,2eb14889-46f2-06de-4f6e-fea5634e0d85,lightgbm,1,0.9985208428208783,1
82,4856d816-b2ac-e1b6-5ace-4eafd4a8e86e,lightgbm,0,0.0003208397070676805,1
94,d2d8d467-56b3-0911-9f00-1526676919f4,lightgbm,0,0.0017316751345887438,1
98,d48773c1-dd70-5329-70b4-a10d6ba21508,lightgbm,0,0.24006068347535234,1
105,5b24c87b-6223-f5b4-51e9-82051159bd1d,lightgbm,0,0.0015618989184392408,1
14,7ad140ab-bfae-c3ae-20a3-2244b1c4d0e2,lightgbm,1,0.9998846611581411,2
15,2cf6b168-ba3b-b2a3-9a95-7217a1de6911,lightgbm,0,0.00010030467066031943,2
18,f691e124-1107-034e-0ebf-57a58745c7de,lightgbm,0,8.779676185688415e-05,2
28,34b8aa06-9904-df2f-e571-c6c5e767f24b,lightgbm,0,8.742929297568841e-05,2
30,ba234ff2-cefe-dfee-935a-8ea2378da8c2,lightgbm,0,0.9996003703695285,2
33,ad41b3b5-b5a1-f136-af92-bc03052fba86,lightgbm,0,0.0005013809234641795,2
38,d3bcf7cc-11ff-2e5c-2eb4-bd90a1aac20b,lightgbm,1,0.0007082366074790164,2
39,1d9a4ec2-5e53-d852-ef66-d4de1671f6d8,lightgbm,0,0.00011291857999553389,2
47,13472219-c176-990a-641f-14cf9d4d8480,lightgbm,1,0.9995876515655336,2
48,1060044a-f072-f905-e067-c67d12ad8e6b,lightgbm,0,7.58514752708885e-05,2
50,e1e77618-ef71-5312-7627-14f6834da851,lightgbm,0,6.398323782034824e-05,2
51,a03e9688-2e96-60c9-74cf-f3a3718f729b,lightgbm,1,0.00017901894339382695,2
58,457a9cf0-6fc6-2761-f409-0e136aae0a8b,lightgbm,0,0.0005099280566539775,2
69,38389261-1bb1-5848-dbed-abbae41b2b6a,lightgbm,0,9.693280290166577e-05,2
70,1e7909f8-39b2-3c7e-1fda-a6c3256dc061,lightgbm,1,0.9998846611581411,2
72,2f343369-4f65-e13e-d15b-0bc343fe7d38,lightgbm,0,7.368775489474794e-05,2
76,0fb515d6-ec2d-33f3-512e-7615b6e3091d,lightgbm,0,9.003018295211311e-05,2
81,4d5bd8b4-8ee1-c357-dd1d-6bca1c275f56,lightgbm,1,0.004731488050920265,2
92,f540af27-06ff-0981-5685-24c08ab33443,lightgbm,0,0.0009769915706009768,2
97,53e4891a-9108-67ef-d973-3b6a98404249,lightgbm,0,0.9986552758934649,2
99,311e00b9-274f-b3c6-cdcb-ac56c17c2d29,lightgbm,0,8.900043102495983e-05,2
100,e27ebe5d-6514-4fb0-f1d6-d3baf7bf0ed6,lightgbm,0,0.37386074045393464,2
1,f9ba83f7-9940-16ae-0854-24bd34bf1843,lightgbm,1,0.9995207975651902,3
3,5a1b2463-6dbf-ff69-4ab9-fbc24841b9fd,lightgbm,0,0.0002138229557033632,3
7,44200e4c-f1b5-deee-17f0-226f21ff1c89,lightgbm,0,0.004652990150552897,3
22,93904045-6509-c7c6-9b28-aff82a8e7181,lightgbm,0,0.0140071736224147,3
27,f8bbf1e4-7bb5-dc68-a7a8-b509ff9a7832,lightgbm,0,0.00026899996879712246,3
29,885c1eeb-1b4c-8a3a-bfc7-a68897e470a6,lightgbm,1,0.7178044482019,3
31,09c92ce0-6ff1-7234-956d-33795ad6648c,lightgbm,0,9.584754074475226e-05,3
32,d0a482ef-d151-72a4-8bb5-bf7045e71a07,lightgbm,0,0.00043192429975394723,3
36,bad853b3-250e-3dc8-19b0-6ebe36b636dc,lightgbm,1,0.9994870012831931,3
43,d9264059-a17f-517e-bc65-eb3df11c2e10,lightgbm,0,7.432067732799724e-05,3
52,b896abfb-034d-9dde-59df-7ee47f216174,lightgbm,0,0.0011068169266139273,3
59,2140a954-e520-58d5-ba4b-e7af4c944f48,lightgbm,0,0.0014341452840400187,3
63,6c3ee07c-34a7-15d2-ec2f-a8f6e7d6323f,lightgbm,0,0.00019544039980494434,3
66,9c5726f3-5d8e-5f0a-e60e-c326f4a9fcf3,lightgbm,0,0.0009926962598195887,3
71,3ab40d52-44be-ae07-2177-2875cc65f5a8,lightgbm,0,5.6297546833757305e-05,3
78,03a7cc66-36c5-356c-419f-93bfbd7b558d,lightgbm,0,0.011666102628712878,3
85,7c6f0701-02e7-6c85-1f82-c0f615d02bb4,lightgbm,0,0.006219199615289119,3
91,dbf17e44-1f14-fd36-e663-a7e2afb52481,lightgbm,0,0.0028224007137638203,3
93,01a006ce-6457-50c2-8e0a-fb58fc310a86,lightgbm,1,0.009676112132627963,3
96,0582e289-d8d6-738b-bf47-3da4f26f6f34,lightgbm,1,0.9994104118512214,3
101,ab07c698-12cf-16d5-d125-354f3b85b899,lightgbm,1,0.06016430274995442,3
102,227610af-b3d1-a8e6-29c9-25f43c7bd8d7,lightgbm,1,0.9996354634884995,3
9,80c747ab-dc05-2bca-dafa-e2aa58619442,lightgbm,0,0.00040264758802012127,4
11,8492edd4-143b-a863-63b3-30de357a6f94,lightgbm,0,5.8902689840739687e-05,4
13,8dc1eb80-5a2e-3f58-a3ac-4eba98ab5f41,lightgbm,0,0.020683193032775993,4
21,a172af40-3eeb-e33a-f4eb-bcf071ed5299,lightgbm,0,0.9916660004048055,4
35,373e1deb-b6b2-b528-372e-4d43362376b0,lightgbm,0,5.590216177527189e-05,4
41,c1b2ab2b-da66-32d5-1257-63d0f155fd8b,lightgbm,1,0.9990207927689794,4
45,bb185e06-2cea-6f9c-cb59-9c05ffad11ef,lightgbm,0,0.00045187828758479475,4
54,062ce52a-5823-aeb4-e0d1-d514baf42a38,lightgbm,0,0.0001114482820181563,4
55,33d283d8-d724-4c5d-9eb2-aab318712e12,lightgbm,1,0.9136734228523226,4
57,1e56d360-30c5-5a41-8dd8-e3f74deed263,lightgbm,1,0.9934873821788774,4
61,93fee2ab-5392-ffb0-a25b-19a8ec191461,lightgbm,0,5.376535542829936e-05,4
65,46aba201-21d9-c8e8-989c-e62cb2faddf4,lightgbm,0,0.00035280068438009584,4
74,26be634c-60c8-bec3-3c2a-92aa53cbecf5,lightgbm,0,5.67649052108521e-05,4
75,9a57c612-581f-1c85-d505-c6c44e983d32,lightgbm,1,0.022385635088725965,4
80,fe0bfc8f-4cb4-7f87-4b4d-7997cbe26516,lightgbm,0,0.018997422509263208,4
84,f238b3d3-c8f3-ef73-da73-8ddd4fd38bcb,lightgbm,1,0.994121952193395,4
87,7dd90132-76f1-9559-8d81-e732c8633880,lightgbm,0,0.015077474204919731,4
95,de55dd93-44f9-4bcd-fa9f-ad6e7c0da01b,lightgbm,0,0.00038326660942539616,4
103,bf5bb016-bc49-d450-534a-417e91f7f9aa,lightgbm,0,0.0002150090917960056,4
106,c1e9a9fb-45ec-4ee4-c946-4ffc5dfa93ea,lightgbm,1,0.25496186986078206,4
107,e63ee044-44a6-784d-28a0-0d049d2449a5,lightgbm,0,0.28284974362091214,4
10,a00b5c95-fed5-f472-749b-6b3140ead250,lightgbm,0,9.355217855613562e-05,5
16,ba6ea998-e7a3-d122-0e14-eace53094044,lightgbm,0,0.0009249371901531341,5
17,a8286256-4ef3-c614-4371-085d7c8cfcb2,lightgbm,0,0.016585822363781665,5
19,688c8453-ba6f-7dec-03c3-eaa27d6df1a4,lightgbm,1,0.9996231453168997,5
24,345e08f8-968e-912d-5127-3bdea2ba7b9f,lightgbm,1,0.999264721068941,5
26,8d7f6a31-31ba-da9c-2b57-03ee0f7577a0,lightgbm,1,0.9835928501069588,5
34,5d84e6a3-b4bd-63d6-57c5-cada0916490d,lightgbm,0,0.8799511319178042,5
42,b672cf7a-e1b1-2e21-72e8-b29fca4b4e33,lightgbm,0,6.373269676315587e-05,5
44,21060120-8398-1940-3dc7-1d7f56bb2674,lightgbm,0,0.04501884300515758,5
46,73b97ede-ebda-6de2-36c8-c7c6cc9ad9ff,lightgbm,0,0.0540515695780896,5
49,958988d0-ad72-fe02-722e-f81e0e2cbf47,lightgbm,0,0.00792211341769738,5
64,5e8e2a97-b1ee-6e96-aced-5822c781b792,lightgbm,0,0.0020876324331860242,5
67,a0873afa-1674-1ef3-ac16-c39738e22bba,lightgbm,0,5.620710269031063e-05,5
77,7c50e28d-07cc-a4cf-eb58-b2a15bc552a3,lightgbm,1,0.99953919580895,5
79,20447ad5-5095-fb78-2bd9-69bf39242b4a,lightgbm,0,0.9424510507336764,5
83,a37f52ec-31c4-a8da-19ba-debcbe745096,lightgbm,1,0.9940041089255501,5
86,4c756282-9faf-4e7b-1689-3e3a3cb39537,lightgbm,0,0.0001481622742635946,5
88,9277390b-8a92-52e1-4d99-bb4849bac775,lightgbm,1,0.9995291046708229,5
89,dc82a5e2-139d-ff3d-d86f-a692d820ca99,lightgbm,0,0.00012078551912460244,5
90,6361e20a-35bf-68e3-def5-f001870db7c4,lightgbm,0,0.004646060156020596,5
104,a393b12a-75b9-22ff-2a46-d564c2dff4f4,lightgbm,0,0.04684213930306529,5
